"旧相对路径","新相对路径","操作类型","原因","大小"
"09、高武\03、全球\《万族之劫》（校对版全本）.txt","","去重删除文件夹","重复副本整文件夹删除","18542118"
"09、高武\03、全球\《全球高武》（精校版全本）.txt","","去重删除文件夹","重复副本整文件夹删除","18649335"
"08、游戏\15、s落叶三部曲\《网游之天下无双》（校对版全本）.txt","","去重删除文件夹","重复副本整文件夹删除","10902236"
"08、游戏\15、s落叶三部曲\《网游之盗版神话》（校对版全本）.txt","","去重删除文件夹","重复副本整文件夹删除","5419906"
"08、游戏\15、s落叶三部曲\《网游之纵横天下》（校对版全本）.txt","","去重删除文件夹","重复副本整文件夹删除","9841674"
"08、游戏\32、超 神\《超神机械师》（校对版全本）.txt","","去重删除文件夹","重复副本整文件夹删除","11056364"
"14、轻小说\15、精 灵\《精 灵 掌 门 人》（校对版）.txt","","去重删除文件夹","重复副本整文件夹删除","8305185"
"02、仙侠\04、仙逆\《凡人修仙传》（校对版全本+番外）.txt","","去重删除文件","重复副本删除","15224548"
"02、仙侠\04、仙逆\《凡人修仙之仙界篇》（校对版全本）.txt","","去重删除文件","重复副本删除","9331772"
"15、女频\01、天 官\《天官赐福》(精校全本+番外)【无修改版】.txt","","去重删除文件","重复副本删除","2352763"
"01、玄幻\05、永生\《永生》（校对版全本）.rar","","删除同名压缩包","与txt同名的rar删除","3883733"
"01、玄幻\14、奥术\《奥术神座》（精校版全本+番外）.rar","","删除同名压缩包","与txt同名的rar删除","2759120"
"01、玄幻\15、人道\《人道至尊》（精校版全本）.rar","","删除同名压缩包","与txt同名的rar删除","4004617"
"01、玄幻\17、武道zs\《武道宗师》（校对版全本）.rar","","删除同名压缩包","与txt同名的rar删除","2345328"
"01、玄幻\19、长生j\《长生界》（校对版全本）.rar","","删除同名压缩包","与txt同名的rar删除","2365172"
"01、玄幻\20、大主z\《大主宰》（校对版全本）.rar","","删除同名压缩包","与txt同名的rar删除","3709008"
"01、玄幻\21、元z\《元尊》（校对版全本）.rar","","删除同名压缩包","与txt同名的rar删除","3016567"
"01、玄幻\22、魔兽剑圣\《魔兽剑圣异界纵横》（校对版全本）.rar","","删除同名压缩包","与txt同名的rar删除","1876252"
"01、玄幻\23、雪 鹰\《雪鹰领主》（校对版全本）.rar","","删除同名压缩包","与txt同名的rar删除","2909797"
"01、玄幻\25、间k\《间客》（精校版全本）.rar","","删除同名压缩包","与txt同名的rar删除","3001531"
"01、玄幻\26、将y\《将夜》（校对版全本）.rar","","删除同名压缩包","与txt同名的rar删除","3330227"
"01、玄幻\27、择tj\《择天记》（校对版全本）.rar","","删除同名压缩包","与txt同名的rar删除","2631794"
"01、玄幻\28、大道\《大道朝天》（校对版全本）.rar","","删除同名压缩包","与txt同名的rar删除","2597057"
"01、玄幻\29、朱雀\《朱雀记》（校对版全本）.rar","","删除同名压缩包","与txt同名的rar删除","1333270"
"01、玄幻\30、临渊\《临渊行》（校对版全本）.rar","","删除同名压缩包","与txt同名的rar删除","2917583"
"01、玄幻\32、神印wz\《神印王座》（校对版全本）.rar","","删除同名压缩包","与txt同名的rar删除","2091394"
"01、玄幻\33、天z变\《天珠变》（校对版全本）.rar","","删除同名压缩包","与txt同名的rar删除","2080617"
"01、玄幻\34、雪中hdx\《雪中悍刀行》（校对版全本）.rar","","删除同名压缩包","与txt同名的rar删除","4438629"
"02、仙侠\05、一念永恒\《一念永恒》（校对版全本）.rar","","删除同名压缩包","与txt同名的rar删除","2860382"
"02、仙侠\07、飞剑\《飞剑问道》（校对版全本）.rar","","删除同名压缩包","与txt同名的rar删除","1700140"
"02、仙侠\08、玄界zm\《玄界之门》（精校版全本）.rar","","删除同名压缩包","与txt同名的rar删除","2746950"
"02、仙侠\09、魔tj\《魔天记》（精校版全本）.rar","","删除同名压缩包","与txt同名的rar删除","4031767"
"02、仙侠\10、灭世TL\《灭运图录》（精校版全本）.rar","","删除同名压缩包","与txt同名的rar删除","2537287"
"02、仙侠\11、q魔\《求魔》（校对版全本）.rar","","删除同名压缩包","与txt同名的rar删除","3512724"
"02、仙侠\12、我欲ft\《我欲封天》（校对版全本）.rar","","删除同名压缩包","与txt同名的rar删除","3792329"
"02、仙侠\13、三寸rj\《三寸人间》（校对版全本）.rar","","删除同名压缩包","与txt同名的rar删除","3025524"
"02、仙侠\14、莽荒j\《莽荒纪》（校对版全本）.rar","","删除同名压缩包","与txt同名的rar删除","3385872"
"02、仙侠\16、寸芒\《寸芒》（校对版全本）.rar","","删除同名压缩包","与txt同名的rar删除","1433737"
"02、仙侠\17、星峰\《星峰传说》（校对版全本）.rar","","删除同名压缩包","与txt同名的rar删除","1185003"
"02、仙侠\18、大梦z\《大梦主》（校对版全本）.rar","","删除同名压缩包","与txt同名的rar删除","3762267"
"02、仙侠\19、dz\《帝尊》（校对版全本+番外）.rar","","删除同名压缩包","与txt同名的rar删除","4352320"
"02、仙侠\21、极道\《极道天魔》（校对版全本）.rar","","删除同名压缩包","与txt同名的rar删除","3581916"
"02、仙侠\22、诛仙\《诛仙》（校对版全本）.rar","","删除同名压缩包","与txt同名的rar删除","1338829"
"02、仙侠\23、大道\《大道争锋》（校对版全本）.rar","","删除同名压缩包","与txt同名的rar删除","6788400"
"02、仙侠\24、问道\《问道红尘(仙子请自重)》（校对版全本）.rar","","删除同名压缩包","与txt同名的rar删除","2790959"
"03、都市\04、我真\《我真没想重生啊》（校对版全本）.rar","","删除同名压缩包","与txt同名的rar删除","2655877"
"03、都市\08、我是\《w是dw家》（校对版全本）.rar","","删除同名压缩包","与txt同名的rar删除","1423243"
"03、都市\09、俗人hd\《俗人回档》（校对版全本）.rar","","删除同名压缩包","与txt同名的rar删除","3904819"
"03、都市\10、文艺sd\《文艺时代》（精校版全本）.rar","","删除同名压缩包","与txt同名的rar删除","2503923"
"03、都市\11、我的nysen\《我的女友是恶女》（校对版全本）.rar","","删除同名压缩包","与txt同名的rar删除","1656139"
"04、科幻\07、希灵\《希灵帝国》（校对版全本）.rar","","删除同名压缩包","与txt同名的rar删除","6946907"
"05、奇幻\02、琴di\《琴帝》（校对版全本）.rar","","删除同名压缩包","与txt同名的rar删除","2410009"
"05、奇幻\03、酒s\《酒神（阴阳冕）》（校对版全本）.rar","","删除同名压缩包","与txt同名的rar删除","2223652"
"05、奇幻\04、高天\《高天之上》（校对版全本）.rar","","删除同名压缩包","与txt同名的rar删除","3948588"
"05、奇幻\06、巫师zl\《巫师之旅》（校对版全本）.rar","","删除同名压缩包","与txt同名的rar删除","4289301"
"06、历史\04、宰执\《宰执天下》（校对版全本）.rar","","删除同名压缩包","与txt同名的rar删除","6917236"
"06、历史\06、极品jd\《极品家丁》（校对版全本）.rar","","删除同名压缩包","与txt同名的rar删除","2626364"
"08、游戏\05、失落叶三部曲\《网游之天下无双》（校对版全本）.rar","","删除同名压缩包","与txt同名的rar删除","4167420"
"08、游戏\05、失落叶三部曲\《网游之盗版神话》（校对版全本）.rar","","删除同名压缩包","与txt同名的rar删除","2235337"
"08、游戏\05、失落叶三部曲\《网游之纵横天下》（校对版全本）.rar","","删除同名压缩包","与txt同名的rar删除","3796809"
"17、其他\01、海贼王之mcgs\《海贼王之mcgs》（校对版全本）.rar","","删除同名压缩包","与txt同名的rar删除","554683"
"03、都市\50、稳 住\03.更多精品完本，可访问：www.nmzys.com\《未来图书馆》（校对版全本）作者：志鸟村.txt","03、都市\未来图书馆\《未来图书馆》（校对版全本）.txt","移动","广告子目录内书籍提升为独立文件夹","2652542"
"03、都市\50、稳 住\03.更多精品完本，可访问：www.nmzys.com\《时空走私从2000年开始》（校对版全本）作者：志鸟村.txt","03、都市\时空走私从2000年开始\《时空走私从2000年开始》（校对版全本）.txt","移动","广告子目录内书籍提升为独立文件夹","4411332"
"03、都市\50、稳 住\03.更多精品完本，可访问：www.nmzys.com\《唯我独法》（校对版全本）作者：志鸟村.txt","03、都市\唯我独法\《唯我独法》（校对版全本）.txt","移动","广告子目录内书籍提升为独立文件夹","4246854"
"01、玄幻\01、斗破\《斗破》（校对版全本）.txt","01、玄幻\01、斗破\《斗破》（校对版全本）.txt","重命名","去除书名内空格/规范化版本标注","10800589"
"01、玄幻\02、斗罗\《斗罗大陆》（校对版全本）.txt","01、玄幻\02、斗罗\《斗罗大陆》（校对版全本）.txt","重命名","去除书名内空格/规范化版本标注","5947282"
"01、玄幻\02、斗罗\《斗罗大陆III龙王传说》（校对版全本）.txt","01、玄幻\02、斗罗\《斗罗大陆III龙王传说》（校对版全本）.txt","重命名","去除书名内空格/规范化版本标注","10354618"
"01、玄幻\02、斗罗\《斗罗大陆II绝世唐门》（校对版全本）.txt","01、玄幻\02、斗罗\《斗罗大陆II绝世唐门》（校对版全本）.txt","重命名","去除书名内空格/规范化版本标注","10838897"
"01、玄幻\02、斗罗\《斗罗大陆IV终极斗罗》（校对版全本）.txt","01、玄幻\02、斗罗\《斗罗大陆IV终极斗罗》（校对版全本）.txt","重命名","去除书名内空格/规范化版本标注","9131949"
"01、玄幻\03、完美\《完美世界》（校对版全本）.txt","01、玄幻\03、完美\《完美世界》（校对版全本）.txt","重命名","去除书名内空格/规范化版本标注","14245680"
"01、玄幻\04、诡秘\《诡秘之主》（精校版全本）.txt","01、玄幻\04、诡秘\《诡秘之主》（精校版全本）.txt","重命名","去除书名内空格/规范化版本标注","9589843"
"01、玄幻\05、永生\《永生》（校对版全本）.txt","01、玄幻\05、永生\《永生》（校对版全本）.txt","重命名","去除书名内空格/规范化版本标注","10670788"
"01、玄幻\06、遮天\《遮天》（精校版全本）.txt","01、玄幻\06、遮天\《遮天》（精校版全本）.txt","重命名","去除书名内空格/规范化版本标注","13622648"
"01、玄幻\07、圣墟\《圣墟》（校对版全本+番外）.txt","01、玄幻\07、圣墟\《圣墟》（校对版全本+番外）.txt","重命名","去除书名内空格/规范化版本标注","13301643"
"01、玄幻\08、牧 神\《牧神记》（校对版全本）.txt","01、玄幻\08、牧 神\《牧神记》（校对版全本）.txt","重命名","去除书名内空格/规范化版本标注","12479742"
"01、玄幻\09、神 M\《神墓》（校对版全本）.txt","01、玄幻\09、神 M\《神墓》（校对版全本）.txt","重命名","去除书名内空格/规范化版本标注","5932725"
"01、玄幻\10、沧YT\《沧元图》（校对版全本）.txt","01、玄幻\10、沧YT\《沧元图》（校对版全本）.txt","重命名","去除书名内空格/规范化版本标注","4171383"
"01、玄幻\11、盘L\《盘龙》（精校版全本）.txt","01、玄幻\11、盘L\《盘龙》（精校版全本）.txt","重命名","去除书名内空格/规范化版本标注","6188732"
"01、玄幻\12、不科学\《不科学御兽》（精校版全本）.txt","01、玄幻\12、不科学\《不科学御兽》（精校版全本）.txt","重命名","去除书名内空格/规范化版本标注","8861090"
"01、玄幻\13、一世\《一世之尊》（精校版全本）.txt","01、玄幻\13、一世\《一世之尊》（精校版全本）.txt","重命名","去除书名内空格/规范化版本标注","9465871"
"01、玄幻\14、奥术\《奥术神座》（精校版全本+番外）.txt","01、玄幻\14、奥术\《奥术神座》（精校版全本+番外）.txt","重命名","去除书名内空格/规范化版本标注","6688286"
"01、玄幻\15、人道\《人道至尊》（精校版全本）.txt","01、玄幻\15、人道\《人道至尊》（精校版全本）.txt","重命名","去除书名内空格/规范化版本标注","10353671"
"01、玄幻\16、武动\《武动乾坤》（精校版全本）.txt","01、玄幻\16、武动\《武动乾坤》（精校版全本）.txt","重命名","去除书名内空格/规范化版本标注","8254082"
"01、玄幻\17、武道zs\《武道宗师》（校对版全本）.txt","01、玄幻\17、武道zs\《武道宗师》（校对版全本）.txt","重命名","去除书名内空格/规范化版本标注","5425739"
"01、玄幻\18、长夜yh\《长夜余火》（校对版全本）.txt","01、玄幻\18、长夜yh\《长夜余火》（校对版全本）.txt","重命名","去除书名内空格/规范化版本标注","6229566"
"01、玄幻\19、长生j\《长生界》（校对版全本）.txt","01、玄幻\19、长生j\《长生界》（校对版全本）.txt","重命名","去除书名内空格/规范化版本标注","5973425"
"01、玄幻\20、大主z\《大主宰》（校对版全本）.txt","01、玄幻\20、大主z\《大主宰》（校对版全本）.txt","重命名","去除书名内空格/规范化版本标注","10517409"
"01、玄幻\21、元z\《元尊》（校对版全本）.txt","01、玄幻\21、元z\《元尊》（校对版全本）.txt","重命名","去除书名内空格/规范化版本标注","8223110"
"01、玄幻\22、魔兽剑圣\《魔兽剑圣异界纵横》（校对版全本）.txt","01、玄幻\22、魔兽剑圣\《魔兽剑圣异界纵横》（校对版全本）.txt","重命名","去除书名内空格/规范化版本标注","4851170"
"01、玄幻\23、雪 鹰\《雪鹰领主》（校对版全本）.txt","01、玄幻\23、雪 鹰\《雪鹰领主》（校对版全本）.txt","重命名","去除书名内空格/规范化版本标注","7751056"
"01、玄幻\24、星 门\《星门》（校对版全本）.txt","01、玄幻\24、星 门\《星门》（校对版全本）.txt","重命名","去除书名内空格/规范化版本标注","14352246"
"01、玄幻\25、间k\《间客》（精校版全本）.txt","01、玄幻\25、间k\《间客》（精校版全本）.txt","重命名","去除书名内空格/规范化版本标注","7065908"
"01、玄幻\26、将y\《将夜》（校对版全本）.txt","01、玄幻\26、将y\《将夜》（校对版全本）.txt","重命名","去除书名内空格/规范化版本标注","7990694"
"01、玄幻\26、星 河\《星 河 大 帝》（校对版全本）.txt","01、玄幻\26、星 河\《星河大帝》（校对版全本）.txt","重命名","还原混淆书名","7292576"
"01、玄幻\27、择tj\《择天记》（校对版全本）.txt","01、玄幻\27、择tj\《择天记》（校对版全本）.txt","重命名","去除书名内空格/规范化版本标注","6728297"
"01、玄幻\28、大道\《大道朝天》（校对版全本）.txt","01、玄幻\28、大道\《大道朝天》（校对版全本）.txt","重命名","去除书名内空格/规范化版本标注","6575440"
"01、玄幻\29、朱雀\《朱雀记》（校对版全本）.txt","01、玄幻\29、朱雀\《朱雀记》（校对版全本）.txt","重命名","去除书名内空格/规范化版本标注","2942791"
"01、玄幻\30、临渊\《临渊行》（校对版全本）.txt","01、玄幻\30、临渊\《临渊行》（校对版全本）.txt","重命名","去除书名内空格/规范化版本标注","7319259"
"01、玄幻\31、宿命zh\《宿命之环》（校对版全本）.txt","01、玄幻\31、宿命zh\《宿命之环》（校对版全本）.txt","重命名","去除书名内空格/规范化版本标注","8080691"
"01、玄幻\32、神印wz\《神印王座》（校对版全本）.txt","01、玄幻\32、神印wz\《神印王座》（校对版全本）.txt","重命名","去除书名内空格/规范化版本标注","5356933"
"01、玄幻\33、天z变\《天珠变》（校对版全本）.txt","01、玄幻\33、天z变\《天珠变》（校对版全本）.txt","重命名","去除书名内空格/规范化版本标注","5407849"
"01、玄幻\34、雪中hdx\《雪中悍刀行》（校对版全本）.txt","01、玄幻\34、雪中hdx\《雪中悍刀行》（校对版全本）.txt","重命名","去除书名内空格/规范化版本标注","9708029"
"01、玄幻\35、儒道zs\《儒道至圣》（校对版全本）.txt","01、玄幻\35、儒道zs\《儒道至圣》（校对版全本）.txt","重命名","去除书名内空格/规范化版本标注","16510321"
"01、玄幻\36、乱s\《乱 s 书》（校对版全本）.txt","01、玄幻\36、乱s\《乱世书》（校对版全本）.txt","重命名","还原混淆书名","9594271"
"01、玄幻\37、我的徒弟\《我的徒弟都是大fp》（校对版全本）.txt","01、玄幻\37、我的徒弟\《我的徒弟都是大反派》（校对版全本）.txt","重命名","还原混淆书名","10087039"
"01、玄幻\38、恶m法z\《恶m法z》（校对版全本）.txt","01、玄幻\38、恶m法z\《恶魔法则》（校对版全本）.txt","重命名","还原混淆书名","7448380"
"01、玄幻\39、N 侠\《女 侠 且 慢》（校对版全本）.txt","01、玄幻\39、N 侠\《女侠且慢》（校对版全本）.txt","重命名","还原混淆书名","9735646"
"01、玄幻\40、全 职\《全 z 法 s》.txt","01、玄幻\40、全 职\《全职法师》.txt","重命名","还原混淆书名","22582887"
"01、玄幻\41、永 夜\《永 夜 君 王》（校对版全本）.txt","01、玄幻\41、永 夜\《永夜君王》（校对版全本）.txt","重命名","还原混淆书名","10394255"
"01、玄幻\42、保 护\《保 护 我 方 族 长》（校对版）.txt","01、玄幻\42、保 护\《保护我方族长》（校对版）.txt","重命名","还原混淆书名","21398311"
"01、玄幻\43、神 话\《神话纪元，...恒星级巨兽》（校对版）.txt","01、玄幻\43、神 话\《神话纪元，我进化成了恒星级巨兽》（校对版）.txt","重命名","还原混淆书名","11109132"
"01、玄幻\44、渊 T 尊\《渊 天 尊》（校对版）.txt","01、玄幻\44、渊 T 尊\《渊天尊》（校对版）.txt","重命名","还原混淆书名","13970888"
"01、玄幻\45、武 炼\《武 炼 巅 峰》（校对版全本）.txt","01、玄幻\45、武 炼\《武炼巅峰》（校对版全本）.txt","重命名","还原混淆书名","39245931"
"01、玄幻\46、最 强\《万 古 最 强 宗》（校对版全本）.txt","01、玄幻\46、最 强\《万古最强宗》（校对版全本）.txt","重命名","还原混淆书名","10494563"
"01、玄幻\47、伏 天\《伏 天 氏》（校对版全本）.txt","01、玄幻\47、伏 天\《伏天氏》（校对版全本）.txt","重命名","还原混淆书名","18047426"
"01、玄幻\48、最 强 Z X\《史 上 最 强 赘 婿》（校对版全本）.txt","01、玄幻\48、最 强 Z X\《史上最强赘婿》（校对版全本）.txt","重命名","还原混淆书名","9988709"
"01、玄幻\49、顶 级 气 运\《顶级气运，悄悄修炼千年》（校对版全本）.txt","01、玄幻\49、顶 级 气 运\《顶级气运，悄悄修炼千年》（校对版全本）.txt","重命名","去除书名内空格/规范化版本标注","5614236"
"01、玄幻\50、武 极\《武 极 天 下》（校对版全本）.txt","01、玄幻\50、武 极\《武极天下》（校对版全本）.txt","重命名","还原混淆书名","14271838"
"01、玄幻\51、垂 钓\《垂 钓 之 神》（校对版全本）.txt","01、玄幻\51、垂 钓\《垂钓之神》（校对版全本）.txt","重命名","还原混淆书名","21756932"
"01、玄幻\52、异 世\《异 世 邪 君》（校对版全本）.txt","01、玄幻\52、异 世\《异世邪君》（校对版全本）.txt","重命名","还原混淆书名","8821113"
"01、玄幻\53、帝 霸\《帝 霸》（校对版）.txt","01、玄幻\53、帝 霸\《帝霸》（校对版）.txt","重命名","还原混淆书名","68969976"
"01、玄幻\54、我 有\《我 有 一 剑》（校对版）.txt","01、玄幻\54、我 有\《我有一剑》（校对版）.txt","重命名","还原混淆书名","12141237"
"01、玄幻\55、龙 F\《龙 符》（校对版全本）.txt","01、玄幻\55、龙 F\《龙符》（校对版全本）.txt","重命名","还原混淆书名","7545255"
"01、玄幻\57、圣 w\《圣 王》（校对版全本）.txt","01、玄幻\57、圣 w\《圣王》（校对版全本）.txt","重命名","还原混淆书名","10656509"
"01、玄幻\58、剑 道\《剑 道 第 一 仙》（校对版）.txt","01、玄幻\58、剑 道\《剑道第一仙》（校对版）.txt","重命名","还原混淆书名","25274654"
"01、玄幻\59、巫 x x 界\《巫 师 世 界》（精校版全本）.txt","01、玄幻\59、巫 x x 界\《巫师世界》（精校版全本）.txt","重命名","还原混淆书名","4459631"
"01、玄幻\60、永 恒\《永 恒 剑 主》（校对版全本）.txt","01、玄幻\60、永 恒\《永恒剑主》（校对版全本）.txt","重命名","还原混淆书名","6918101"
"01、玄幻\61、召 唤\《召 唤 梦 魇》（校对版全本）.txt","01、玄幻\61、召 唤\《召唤梦魇》（校对版全本）.txt","重命名","还原混淆书名","4570041"
"01、玄幻\62、万 千\《万 千 之 心》（校对版全本）.txt","01、玄幻\62、万 千\《万千之心》（校对版全本）.txt","重命名","还原混淆书名","3602394"
"01、玄幻\63、十 方\《十 方 武 圣》（校对版全本）.txt","01、玄幻\63、十 方\《十方武圣》（校对版全本）.txt","重命名","还原混淆书名","6534456"
"01、玄幻\64、修 行\《我 的 属 性 修 行 人 生》（校对版）.txt","01、玄幻\64、修 行\《我的属性修行人生》（校对版）.txt","重命名","还原混淆书名","5437091"
"01、玄幻\65、太 古\《太 古 神 王》（校对版全本）.txt","01、玄幻\65、太 古\《太古神王》（校对版全本）.txt","重命名","还原混淆书名","13333337"
"01、玄幻\66、绝 世\《绝 世 武 神》（校对版全本）.txt","01、玄幻\66、绝 世\《绝世武神》（校对版全本）.txt","重命名","还原混淆书名","14606063"
"01、玄幻\67、太 平\《太 平 令》（校对版）.txt","01、玄幻\67、太 平\《太平令》（校对版）.txt","重命名","还原混淆书名","10584840"
"01、玄幻\68、图 书 馆\《天道图书馆》（校对版全本）.txt","01、玄幻\68、图 书 馆\《天道图书馆》（校对版全本）.txt","重命名","去除书名内空格/规范化版本标注","13866425"
"01、玄幻\69、牧 龙 师\《牧 龙 师》（校对版全本）.txt","01、玄幻\69、牧 龙 师\《牧龙师》（校对版全本）.txt","重命名","还原混淆书名","7695039"
"01、玄幻\70、明 日\《明 日 之 劫》（校对版全本）.txt","01、玄幻\70、明 日\《明日之劫》（校对版全本）.txt","重命名","还原混淆书名","5792715"
"01、玄幻\71、超 神\《超 级 神 基 因》（校对版全本）.txt","01、玄幻\71、超 神\《超级神基因》（校对版全本）.txt","重命名","还原混淆书名","15526068"
"01、玄幻\72、禁 区\《神 话 禁 区》（校对版全本）.txt","01、玄幻\72、禁 区\《神话禁区》（校对版全本）.txt","重命名","还原混淆书名","4364067"
"01、玄幻\73、天 阿\《天 阿 降 临》（校对版）.txt","01、玄幻\73、天 阿\《天阿降临》（校对版）.txt","重命名","还原混淆书名","11174022"
"01、玄幻\74、逆 天\《逆 天 邪 神》（校对版）.txt","01、玄幻\74、逆 天\《逆天邪神》（校对版）.txt","重命名","还原混淆书名","22989277"
"01、玄幻\75、傲 世\《傲 世 九 重 天》（精校版全本）.txt","01、玄幻\75、傲 世\《傲世九重天》（精校版全本）.txt","重命名","还原混淆书名","17893799"
"01、玄幻\76、凌 天\《凌 天 传 说》（校对版全本）.txt","01、玄幻\76、凌 天\《凌天传说》（校对版全本）.txt","重命名","还原混淆书名","4984079"
"01、玄幻\77、至 尊\《我 是 至 尊》（校对版全本）.txt","01、玄幻\77、至 尊\《我是至尊》（校对版全本）.txt","重命名","还原混淆书名","9907038"
"01、玄幻\78、苍 穹\《天 域 苍 穹》（校对版全本）.txt","01、玄幻\78、苍 穹\《天域苍穹》（校对版全本）.txt","重命名","还原混淆书名","10823358"
"01、玄幻\79、左 道\《御 道 倾 天》（校对版全本）.txt","01、玄幻\79、左 道\《御道倾天》（校对版全本）.txt","重命名","还原混淆书名","10483685"
"01、玄幻\80、小 师 叔\《有 请 小 师 叔》（校对版全本）.txt","01、玄幻\80、小 师 叔\《有请小师叔》（校对版全本）.txt","重命名","还原混淆书名","3600299"
"01、玄幻\81、原 始\《原 始 战 记》（校对版全本）.txt","01、玄幻\81、原 始\《原始战记》（校对版全本）.txt","重命名","还原混淆书名","5399038"
"01、玄幻\82、罪 恶\《罪 恶 之 城》（校对版全本）.txt","01、玄幻\82、罪 恶\《罪恶之城》（校对版全本）.txt","重命名","还原混淆书名","8876595"
"01、玄幻\83、史 上\《史 上 最 强 师 兄》（校对版全本）.txt","01、玄幻\83、史 上\《史上最强师兄》（校对版全本）.txt","重命名","还原混淆书名","8445912"
"01、玄幻\84、别 秀\《公 子 别 秀》（校对版全本）.txt","01、玄幻\84、别 秀\《公子别秀》（校对版全本）.txt","重命名","还原混淆书名","3260160"
"01、玄幻\85、史 上\《史 上 第 一 祖 师 爷》（校对版）.txt","01、玄幻\85、史 上\《史上第一祖师爷》（校对版）.txt","重命名","还原混淆书名","9790407"
"01、玄幻\86、魔 皇\《我 夺 舍 了 魔 皇》（校对版）.txt","01、玄幻\86、魔 皇\《我夺舍了魔皇》（校对版）.txt","重命名","还原混淆书名","4864191"
"01、玄幻\87、天 师\《从 天 师 府 开 始》（校对版）.txt","01、玄幻\87、天 师\《从天师府开始》（校对版）.txt","重命名","还原混淆书名","11681411"
"01、玄幻\88、万 古\《万古神帝》（校对版全本）.epub","01、玄幻\88、万 古\《万古神帝》（校对版全本）.epub","重命名","去除书名内空格/规范化版本标注","23953801"
"01、玄幻\89、金 丹\《金丹是恒星，你管这叫修仙？》（校对版）.txt","01、玄幻\89、金 丹\《金丹是恒星，你管这叫修仙？》（校对版）.txt","重命名","去除书名内空格/规范化版本标注","9040608"
"01、玄幻\90、乌 托 邦\《故 障 乌 托 邦》（校对版）.txt","01、玄幻\90、乌 托 邦\《故障乌托邦》（校对版）.txt","重命名","还原混淆书名","4317664"
"01、玄幻\91、人H纪\《人 皇 纪》（校对版全本）.txt","01、玄幻\91、人H纪\《人皇纪》（校对版全本）.txt","重命名","还原混淆书名","16492110"
"01、玄幻\92、魔 神\《魔 神 乐 园》（校对版全本）.txt","01、玄幻\92、魔 神\《魔神乐园》（校对版全本）.txt","重命名","还原混淆书名","5543010"
"01、玄幻\93、普 罗\《普 罗 之 主》（精校版）.txt","01、玄幻\93、普 罗\《普罗之主》（精校版）.txt","重命名","还原混淆书名","14670799"
"02、仙侠\01、FRXXZ\《凡人修仙之仙界篇》（校对版全本）.txt","02、仙侠\01、FRXXZ\《凡人修仙之仙界篇》（校对版全本）.txt","重命名","去除书名内空格/规范化版本标注","9331772"
"02、仙侠\01、FRXXZ\《凡人修仙传》（校对版全本+番外）.txt","02、仙侠\01、FRXXZ\《凡人修仙传》（校对版全本+番外）.txt","重命名","去除书名内空格/规范化版本标注","15224548"
"02、仙侠\02、大奉打更人\《大奉打更人》（校对版）.txt","02、仙侠\02、大奉打更人\《大奉打更人》（校对版）.txt","重命名","去除书名内空格/规范化版本标注","8380410"
"02、仙侠\03、我师兄实在太稳健了\《我师兄实在太稳健了》（校对版全本）.txt","02、仙侠\03、我师兄实在太稳健了\《我师兄实在太稳健了》（校对版全本）.txt","重命名","去除书名内空格/规范化版本标注","8047351"
"02、仙侠\04、仙逆\《仙逆》（校对版全本）.txt","02、仙侠\04、仙逆\《仙逆》（校对版全本）.txt","重命名","去除书名内空格/规范化版本标注","13674546"
"02、仙侠\05、一念永恒\《一念永恒》（校对版全本）.txt","02、仙侠\05、一念永恒\《一念永恒》（校对版全本）.txt","重命名","去除书名内空格/规范化版本标注","7774272"
"02、仙侠\06、神秘复苏\《神秘复苏》（精校版全本）.txt","02、仙侠\06、神秘复苏\《神秘复苏》（精校版全本）.txt","重命名","去除书名内空格/规范化版本标注","11602098"
"02、仙侠\07、飞剑\《飞剑问道》（校对版全本）.txt","02、仙侠\07、飞剑\《飞剑问道》（校对版全本）.txt","重命名","去除书名内空格/规范化版本标注","4358664"
"02、仙侠\08、玄界zm\《玄界之门》（精校版全本）.txt","02、仙侠\08、玄界zm\《玄界之门》（精校版全本）.txt","重命名","去除书名内空格/规范化版本标注","7024960"
"02、仙侠\09、魔tj\《魔天记》（精校版全本）.txt","02、仙侠\09、魔tj\《魔天记》（精校版全本）.txt","重命名","去除书名内空格/规范化版本标注","10455267"
"02、仙侠\10、灭世TL\《灭运图录》（精校版全本）.txt","02、仙侠\10、灭世TL\《灭运图录》（精校版全本）.txt","重命名","去除书名内空格/规范化版本标注","5966571"
"02、仙侠\11、q魔\《求魔》（校对版全本）.txt","02、仙侠\11、q魔\《求魔》（校对版全本）.txt","重命名","去除书名内空格/规范化版本标注","9519341"
"02、仙侠\12、我欲ft\《我欲封天》（校对版全本）.txt","02、仙侠\12、我欲ft\《我欲封天》（校对版全本）.txt","重命名","去除书名内空格/规范化版本标注","10384405"
"02、仙侠\13、三寸rj\《三寸人间》（校对版全本）.txt","02、仙侠\13、三寸rj\《三寸人间》（校对版全本）.txt","重命名","去除书名内空格/规范化版本标注","8003839"
"02、仙侠\14、莽荒j\《莽荒纪》（校对版全本）.txt","02、仙侠\14、莽荒j\《莽荒纪》（校对版全本）.txt","重命名","去除书名内空格/规范化版本标注","9078724"
"02、仙侠\15、星辰\《星辰变》（校对版全本）.txt","02、仙侠\15、星辰\《星辰变》（校对版全本）.txt","重命名","去除书名内空格/规范化版本标注","5548542"
"02、仙侠\16、寸芒\《寸芒》（校对版全本）.txt","02、仙侠\16、寸芒\《寸芒》（校对版全本）.txt","重命名","去除书名内空格/规范化版本标注","3752259"
"02、仙侠\17、星峰\《星峰传说》（校对版全本）.txt","02、仙侠\17、星峰\《星峰传说》（校对版全本）.txt","重命名","去除书名内空格/规范化版本标注","2988483"
"02、仙侠\18、大梦z\《大梦主》（校对版全本）.txt","02、仙侠\18、大梦z\《大梦主》（校对版全本）.txt","重命名","去除书名内空格/规范化版本标注","9407188"
"02、仙侠\19、dz\《帝尊》（校对版全本+番外）.txt","02、仙侠\19、dz\《帝尊》（校对版全本+番外）.txt","重命名","去除书名内空格/规范化版本标注","11468343"
"02、仙侠\20、剑L\《剑 来 》（精校版全本）.txt","02、仙侠\20、剑L\《剑来》（精校版全本）.txt","重命名","还原混淆书名","39779803"
"02、仙侠\21、极道\《极道天魔》（校对版全本）.txt","02、仙侠\21、极道\《极道天魔》（校对版全本）.txt","重命名","去除书名内空格/规范化版本标注","8516214"
"02、仙侠\22、诛仙\《诛仙》（校对版全本）.txt","02、仙侠\22、诛仙\《诛仙》（校对版全本）.txt","重命名","去除书名内空格/规范化版本标注","3206473"
"02、仙侠\23、大道\《大道争锋》（校对版全本）.txt","02、仙侠\23、大道\《大道争锋》（校对版全本）.txt","重命名","去除书名内空格/规范化版本标注","15953570"
"02、仙侠\24、问道\《问道红尘(仙子请自重)》（校对版全本）.txt","02、仙侠\24、问道\《问道红尘(仙子请自重)》（校对版全本）.txt","重命名","去除书名内空格/规范化版本标注","6310199"
"02、仙侠\25、这是\《这是wd星球》（校对版全本）.txt","02、仙侠\25、这是\《这是我的星球》（校对版全本）.txt","重命名","还原混淆书名","3550155"
"02、仙侠\26、请G子Z妖\《请G子Z妖》（校对版全本）.txt","02、仙侠\26、请G子Z妖\《请公子斩妖》（校对版全本）.txt","重命名","还原混淆书名","8260303"
"02、仙侠\27、烂K棋Y\《烂K棋Y》（校对版全本）.txt","02、仙侠\27、烂K棋Y\《烂柯棋缘》（校对版全本）.txt","重命名","还原混淆书名","6806074"
"02、仙侠\28、大w读s人\《大w读s人》（校对版全本）.txt","02、仙侠\28、大w读s人\《大魏读书人》（校对版全本）.txt","重命名","还原混淆书名","5442343"
"02、仙侠\29、道 君\《道君》（校对版全本）.txt","02、仙侠\29、道 君\《道君》（校对版全本）.txt","重命名","去除书名内空格/规范化版本标注","10721342"
"02、仙侠\30、大 乘\《大 乘 期》.txt","02、仙侠\30、大 乘\《大乘期才有逆袭系统》.txt","重命名","还原混淆书名","3578815"
"02、仙侠\31、择 日\《择 日 飞 升》（校对版全本）.txt","02、仙侠\31、择 日\《择日飞升》（校对版全本）.txt","重命名","还原混淆书名","13574158"
"02、仙侠\32、苟 在\《苟 在 妖 武 乱 世 修 仙》（校对版）.txt","02、仙侠\32、苟 在\《苟在妖武乱世修仙》（校对版）.txt","重命名","还原混淆书名","11698096"
"02、仙侠\33、这 个\《这个人仙太过正经》（校对版）.txt","02、仙侠\33、这 个\《这个人仙太过正经》（校对版）.txt","重命名","去除书名内空格/规范化版本标注","6127108"
"02、仙侠\34、神 话 D 皇\《最 强 神 话 帝 皇》（校对版全本）.txt","02、仙侠\34、神 话 D 皇\《最强神话帝皇》（校对版全本）.txt","重命名","还原混淆书名","8670768"
"02、仙侠\35、造 化\《造 化 之 门》（校对版全本）.txt","02、仙侠\35、造 化\《造化之门》（校对版全本）.txt","重命名","还原混淆书名","9939644"
"02、仙侠\36、黑 山\《黑 山 老 妖》（校对版全本）.txt","02、仙侠\36、黑 山\《黑山老妖》（校对版全本）.txt","重命名","还原混淆书名","2543669"
"02、仙侠\37、阳 S\《阳 神》（校对版全本）.txt","02、仙侠\37、阳 S\《阳神》（校对版全本）.txt","重命名","还原混淆书名","6086405"
"02、仙侠\38、佛 本\《佛 本 是 道》（校对版全本）.txt","02、仙侠\38、佛 本\《佛本是道》（校对版全本）.txt","重命名","还原混淆书名","4009069"
"02、仙侠\39、弃 宇\《弃 宇 宙》（校对版全本）.txt","02、仙侠\39、弃 宇\《弃宇宙》（校对版全本）.txt","重命名","还原混淆书名","8674401"
"02、仙侠\40、不 朽\《不 朽 凡 人》（校对版全本）.txt","02、仙侠\40、不 朽\《不朽凡人》（校对版全本）.txt","重命名","还原混淆书名","7726811"
"02、仙侠\41、第 九\《天 下 第 九》（校对版全本）.txt","02、仙侠\41、第 九\《天下第九》（校对版全本）.txt","重命名","还原混淆书名","7570414"
"02、仙侠\42、聊 z\《聊 斋 大 圣 人》（校对版全本）.txt","02、仙侠\42、聊 z\《聊斋大圣人》（校对版全本）.txt","重命名","还原混淆书名","5196137"
"02、仙侠\43、独 步\《独 步 天 下》（校对版全本）.txt","02、仙侠\43、独 步\《独步天下》（校对版全本）.txt","重命名","还原混淆书名","7036713"
"02、仙侠\44、玄 浑\《玄 浑 道 章》（校对版）.txt","02、仙侠\44、玄 浑\《玄浑道章》（校对版）.txt","重命名","还原混淆书名","22787016"
"02、仙侠\44、白 首\《白 首 妖 师》（校对版全本）.txt","02、仙侠\44、白 首\《白首妖师》（校对版全本）.txt","重命名","还原混淆书名","3302798"
"02、仙侠\45、地 球\《地 球 第 一 剑》（校对版全本）.txt","02、仙侠\45、地 球\《地球第一剑》（校对版全本）.txt","重命名","还原混淆书名","5771575"
"02、仙侠\46、大 佬\《天 庭 最 后 一 个 大 佬》（校对版）.txt","02、仙侠\46、大 佬\《天庭最后一个大佬》（校对版）.txt","重命名","还原混淆书名","2828808"
"02、仙侠\47、仙 F\《仙 父》（校对版）.txt","02、仙侠\47、仙 F\《仙父》（校对版）.txt","重命名","还原混淆书名","6785957"
"02、仙侠\48、剑 神\《我 不 可 能 是 剑 神》（校对版全本）.txt","02、仙侠\48、剑 神\《我不可能是剑神》（校对版全本）.txt","重命名","还原混淆书名","3600923"
"02、仙侠\49、大 苍\《大 苍 守 夜 人》（校对版全本）.txt","02、仙侠\49、大 苍\《大苍守夜人》（校对版全本）.txt","重命名","还原混淆书名","13281760"
"02、仙侠\50、从 前\《从 前 有 座 灵 剑 山》（精校版全本）.txt","02、仙侠\50、从 前\《从前有座灵剑山》（精校版全本）.txt","重命名","还原混淆书名","6102747"
"02、仙侠\51、仙 H\《仙 葫》（校对版全本）.txt","02、仙侠\51、仙 H\《仙葫》（校对版全本）.txt","重命名","还原混淆书名","5244377"
"02、仙侠\52、苟 在\《苟在女魔头身边偷偷修炼》（校对版）.txt","02、仙侠\52、苟 在\《苟在女魔头身边偷偷修炼》（校对版）.txt","重命名","去除书名内空格/规范化版本标注","15001731"
"02、仙侠\53、道 门\《道 门 法 则》（校对版全本）.txt","02、仙侠\53、道 门\《道门法则》（校对版全本）.txt","重命名","还原混淆书名","7871367"
"02、仙侠\54、大 数 据\《大 数 据 修 仙》（校对版全本）.txt","02、仙侠\54、大 数 据\《大数据修仙》（校对版全本）.txt","重命名","还原混淆书名","22130115"
"02、仙侠\55、修 仙\《当 你 把 事 情 做 到 极 致》（校对版）.txt","02、仙侠\55、修 仙\《当你把事情做到极致》（校对版）.txt","重命名","还原混淆书名","8831878"
"02、仙侠\56、谁 让\《谁 让 他 修 仙 的！》（校对版）.txt","02、仙侠\56、谁 让\《谁让他修仙的！》（校对版）.txt","重命名","还原混淆书名","6387163"
"02、仙侠\57、我 的\《我 每 月 能 刷 新 金 手 指》（校对版）.txt","02、仙侠\57、我 的\《我每月能刷新金手指》（校对版）.txt","重命名","还原混淆书名","16495635"
"02、仙侠\58、剑 徒\《剑徒之路》（校对版全本）.txt","02、仙侠\58、剑 徒\《剑徒之路》（校对版全本）.txt","重命名","去除书名内空格/规范化版本标注","10419459"
"02、仙侠\59、前 任\《前任无双》（校对版全本）.txt","02、仙侠\59、前 任\《前任无双》（校对版全本）.txt","重命名","去除书名内空格/规范化版本标注","5167011"
"02、仙侠\60、飞 天\《飞天》（校对版全本）.txt","02、仙侠\60、飞 天\《飞天》（校对版全本）.txt","重命名","去除书名内空格/规范化版本标注","14786246"
"02、仙侠\61、半 仙\《半 仙》（校对版）.txt","02、仙侠\61、半 仙\《半仙》（校对版）.txt","重命名","还原混淆书名","12404721"
"02、仙侠\62、仙 者\《仙 者》（校对版）.txt","02、仙侠\62、仙 者\《仙者》（校对版）.txt","重命名","还原混淆书名","7234933"
"02、仙侠\63、霸 武\《霸 武》（校对版）.txt","02、仙侠\63、霸 武\《霸武》（校对版）.txt","重命名","还原混淆书名","12713825"
"02、仙侠\64、文 圣\《大 夏 文 圣》（校对版）.txt","02、仙侠\64、文 圣\《大夏文圣》（校对版）.txt","重命名","还原混淆书名","6138657"
"02、仙侠\65、丹 仙\《一 品 丹 仙》（校对版）.txt","02、仙侠\65、丹 仙\《一品丹仙》（校对版）.txt","重命名","还原混淆书名","5074552"
"02、仙侠\66、闲 书\《我 用 闲 书 成 圣 人》（校对版）.txt","02、仙侠\66、闲 书\《我用闲书成圣人》（校对版）.txt","重命名","还原混淆书名","9189600"
"02、仙侠\67、修 仙\《修 仙 就 是 这 样 子 的》（校对版）.txt","02、仙侠\67、修 仙\《修仙就是这样子的》（校对版）.txt","重命名","还原混淆书名","8271958"
"02、仙侠\68、大 周\《大 周 不 良 人》（校对版）.txt","02、仙侠\68、大 周\《大周不良人》（校对版）.txt","重命名","还原混淆书名","34357447"
"02、仙侠\69、妖 女\《妖 女 请 留 步》（校对全本）.txt","02、仙侠\69、妖 女\《妖女请留步》（校对全本）.txt","重命名","还原混淆书名","12027807"
"02、仙侠\70、仙 人\《仙人 只想 躺着》（校对版）.txt","02、仙侠\70、仙 人\《仙人只想躺着》（校对版）.txt","重命名","还原混淆书名","8037560"
"02、仙侠\71、长 生 仙\《我为长生仙》（校对版）.epub","02、仙侠\71、长 生 仙\《我为长生仙》（校对版）.epub","重命名","去除书名内空格/规范化版本标注","7740051"
"02、仙侠\72、望 长 天\《望 长 天》（校对版）.txt","02、仙侠\72、望 长 天\《望长天》（校对版）.txt","重命名","还原混淆书名","5964493"
"02、仙侠\73、反 套 路\《最 强 反 套 路 系 统》（校对版全本）.txt","02、仙侠\73、反 套 路\《最强反套路系统》（校对版全本）.txt","重命名","还原混淆书名","9831210"
"02、仙侠\74、仙 吏\《大 z 仙 吏》（校对版全本）.txt","02、仙侠\74、仙 吏\《大周仙吏》（校对版全本）.txt","重命名","还原混淆书名","4398481"
"02、仙侠\75、大 劫 主\《大 劫 主》（校对版全本）.txt","02、仙侠\75、大 劫 主\《大劫主》（校对版全本）.txt","重命名","还原混淆书名","6877782"
"02、仙侠\76、百 炼\《百 炼 成 仙》（校对版全本）.txt","02、仙侠\76、百 炼\《百炼成仙》（校对版全本）.txt","重命名","还原混淆书名","20894345"
"02、仙侠\77、掠 天\《掠 天 记》（校对版全本）.txt","02、仙侠\77、掠 天\《掠天记》（校对版全本）.txt","重命名","还原混淆书名","11916731"
"03、都市\01、夜的\《夜的命名术》（校对版全本）.txt","03、都市\01、夜的\《夜的命名术》（校对版全本）.txt","重命名","去除书名内空格/规范化版本标注","7252606"
"03、都市\02、深空\《深空彼岸》（校对版全本）.txt","03、都市\02、深空\《深空彼岸》（校对版全本）.txt","重命名","去除书名内空格/规范化版本标注","11758255"
"03、都市\03、修真\《修真聊天群》（校对版全本）.txt","03、都市\03、修真\《修真聊天群》（校对版全本）.txt","重命名","去除书名内空格/规范化版本标注","18534986"
"03、都市\04、我真\《我真没想重生啊》（校对版全本）.txt","03、都市\04、我真\《我真没想重生啊》（校对版全本）.txt","重命名","去除书名内空格/规范化版本标注","6609777"
"03、都市\05、大王\《大王饶命》（精校版全本）.txt","03、都市\05、大王\《大王饶命》（精校版全本）.txt","重命名","去除书名内空格/规范化版本标注","5925628"
"03、都市\06、第一\《第一序列》（精校版全本）.txt","03、都市\06、第一\《第一序列》（精校版全本）.txt","重命名","去除书名内空格/规范化版本标注","6176452"
"03、都市\07、重生\《重生之财源滚滚》（校对版全本）.txt","03、都市\07、重生\《重生之财源滚滚》（校对版全本）.txt","重命名","去除书名内空格/规范化版本标注","14728916"
"03、都市\08、我是\《w是dw家》（校对版全本）.txt","03、都市\08、我是\《我是大玩家》（校对版全本）.txt","重命名","还原混淆书名","3250434"
"03、都市\09、俗人hd\《俗人回档》（校对版全本）.txt","03、都市\09、俗人hd\《俗人回档》（校对版全本）.txt","重命名","去除书名内空格/规范化版本标注","9178439"
"03、都市\10、文艺sd\《文艺时代》（精校版全本）.txt","03、都市\10、文艺sd\《文艺时代》（精校版全本）.txt","重命名","去除书名内空格/规范化版本标注","5695684"
"03、都市\11、我的nysen\《我的女友是恶女》（校对版全本）.txt","03、都市\11、我的nysen\《我的女友是恶女》（校对版全本）.txt","重命名","去除书名内空格/规范化版本标注","3695786"
"03、都市\12、女主\《女主从书里跑出来了怎么办》（校对版全本）.txt","03、都市\12、女主\《女主从书里跑出来了怎么办》（校对版全本）.txt","重命名","去除书名内空格/规范化版本标注","3136247"
"03、都市\13、韩y\《韩y之g影j错》（校对版全本）.txt","03、都市\13、韩y\《韩娱之光影交错》（校对版全本）.txt","重命名","还原混淆书名","3525478"
"03、都市\14、天w\《天w》（校对版全本）.txt","03、都市\14、天w\《天王》（校对版全本）.txt","重命名","还原混淆书名","3157256"
"03、都市\15、全z艺s家\《全职艺术家》（校对版全本）.txt","03、都市\15、全z艺s家\《全职艺术家》（校对版全本）.txt","重命名","去除书名内空格/规范化版本标注","8250988"
"03、都市\16、奶爸de文艺rs\《奶爸的文艺人生》（校对版全本）.txt","03、都市\16、奶爸de文艺rs\《奶爸的文艺人生》（校对版全本）.txt","重命名","去除书名内空格/规范化版本标注","6709471"
"03、都市\17、这个\《这个明星来自地球》（校对版全本）.txt","03、都市\17、这个\《这个明星来自地球》（校对版全本）.txt","重命名","去除书名内空格/规范化版本标注","5843386"
"03、都市\18、w娱\《文 娱 教 父》（校对版全本）.txt","03、都市\18、w娱\《文娱教父》（校对版全本）.txt","重命名","还原混淆书名","4982235"
"03、都市\19、w娱w岁\《文y万s》（校对版全本）.txt","03、都市\19、w娱w岁\《文娱万岁》（校对版全本）.txt","重命名","还原混淆书名","4421634"
"03、都市\20、wydg\《文y帝g》（校对版全本）.txt","03、都市\20、wydg\《文娱帝国》（校对版全本）.txt","重命名","还原混淆书名","4375292"
"03、都市\21、兼z艺s家\《兼z艺s家》（校对版全本）.txt","03、都市\21、兼z艺s家\《兼职艺术家》（校对版全本）.txt","重命名","还原混淆书名","6735225"
"03、都市\22、异兽\《异兽迷城》（校对版全本）.txt","03、都市\22、异兽\《异兽迷城》（校对版全本）.txt","重命名","去除书名内空格/规范化版本标注","8962899"
"03、都市\23、信息\《信息全知者》（校对版全本）.txt","03、都市\23、信息\《信息全知者》（校对版全本）.txt","重命名","去除书名内空格/规范化版本标注","9074571"
"03、都市\24、逼 我\《逼 我 重 生 是 吧》（校对版全本）.txt","03、都市\24、逼 我\《逼我重生是吧》（校对版全本）.txt","重命名","还原混淆书名","7972335"
"03、都市\25、都重s了\《都重生了谁谈恋爱啊》（校对版全本）.txt","03、都市\25、都重s了\《都重生了谁谈恋爱啊》（校对版全本）.txt","重命名","去除书名内空格/规范化版本标注","5094818"
"03、都市\26、明 克\《明 克 街 13 号》.txt","03、都市\26、明 克\《明克街13号》.txt","重命名","还原混淆书名","12146139"
"03、都市\27、隐 s\《隐 杀》（校对版全本）.txt","03、都市\27、隐 s\《隐杀》（校对版全本）.txt","重命名","还原混淆书名","3974353"
"03、都市\28、美 食\《美 食 供 应 商》（校对版全本）.txt","03、都市\28、美 食\《美食供应商》（校对版全本）.txt","重命名","还原混淆书名","13020806"
"03、都市\29、冲 浪\《重 生 之 我 要 冲 浪》（校对版）.txt","03、都市\29、冲 浪\《重生之我要冲浪》（校对版）.txt","重命名","还原混淆书名","8145012"
"03、都市\30、点 到\《点 道 为 止》（校对版全本）.txt","03、都市\30、点 到\《点道为止》（校对版全本）.txt","重命名","还原混淆书名","6359933"
"03、都市\31、心 跳\《心 跳 引 擎》（原版）.txt","03、都市\31、心 跳\《心跳引擎》（原版）.txt","重命名","还原混淆书名","8548095"
"03、都市\32、弃 少\《最 强 弃 少》（校对版全本）.txt","03、都市\32、弃 少\《最强弃少》（校对版全本）.txt","重命名","还原混淆书名","14632351"
"03、都市\33、疯 子\《纨 绔 疯 子》（校对版全本）.txt","03、都市\33、疯 子\《纨绔疯子》（校对版全本）.txt","重命名","还原混淆书名","3248378"
"03、都市\34、修 s\《全 职 修 神》（校对版全本）.txt","03、都市\34、修 s\《全职修神》（校对版全本）.txt","重命名","还原混淆书名","4670542"
"03、都市\35、御 兽\《御 兽 之 王》（校对版全本）.txt","03、都市\35、御 兽\《御兽之王》（校对版全本）.txt","重命名","还原混淆书名","7118936"
"03、都市\36、镇 妖 关\《从 前 有 座 镇 妖 关》（校对版）.txt","03、都市\36、镇 妖 关\《从前有座镇妖关》（校对版）.txt","重命名","还原混淆书名","6766018"
"03、都市\37、养成\《养成系男神：听劝后，我成了顶流》（校对版）.txt","03、都市\37、养成\《养成系男神：听劝后，我成了顶流》（校对版）.txt","重命名","去除书名内空格/规范化版本标注","4782635"
"03、都市\38、手 术\《手 术 直 播 间》（校对版全本）.txt","03、都市\38、手 术\《手术直播间》（校对版全本）.txt","重命名","还原混淆书名","13689212"
"03、都市\39、1993\《重 生 大 时 代 之 1993》（校对版）.txt","03、都市\39、1993\《重生大时代之1993》（校对版）.txt","重命名","还原混淆书名","7473186"
"03、都市\40、流 年\《似 水 流 年》（校对版全本）.txt","03、都市\40、流 年\《似水流年》（校对版全本）.txt","重命名","还原混淆书名","8534395"
"03、都市\41、逆 流\《逆 流 纯 真 年 代》（校对版）.txt","03、都市\41、逆 流\《逆流纯真年代》（校对版）.txt","重命名","还原混淆书名","4751762"
"03、都市\42、穹 顶\《穹 顶 之 上》（校对版）.txt","03、都市\42、穹 顶\《穹顶之上》（校对版）.txt","重命名","还原混淆书名","8445348"
"03、都市\43、半 岛\《半 岛 检 察 官》（校对版）.txt","03、都市\43、半 岛\《半岛检察官》（校对版）.txt","重命名","还原混淆书名","4483601"
"03、都市\44、我 的\《我 的 姐 姐 是 大 明 星》（校对版）.txt","03、都市\44、我 的\《我的姐姐是大明星》（校对版）.txt","重命名","还原混淆书名","4776017"
"03、都市\45、学 霸\《神 级 学 霸》（校对版全本）.txt","03、都市\45、学 霸\《神级学霸》（校对版全本）.txt","重命名","还原混淆书名","9440168"
"03、都市\46、超 级\《超 级 能 源 强 国》（精校版）.txt","03、都市\46、超 级\《超级能源强国》（精校版）.txt","重命名","还原混淆书名","4567250"
"03、都市\47、大 医\《大 医 凌 然》（校对版全本）.txt","03、都市\47、大 医\《大医凌然》（校对版全本）.txt","重命名","还原混淆书名","7532766"
"03、都市\48、陈 二\《陈二狗的妖孽人生》（校对版）.txt","03、都市\48、陈 二\《陈二狗的妖孽人生》（校对版）.txt","重命名","去除书名内空格/规范化版本标注","2306157"
"03、都市\49、顾 道\《顾 道 长 生》（校对版全本）.txt","03、都市\49、顾 道\《顾道长生》（校对版全本）.txt","重命名","还原混淆书名","5115833"
"03、都市\50、稳 住\《稳 住 别 浪》（校对版）.txt","03、都市\50、稳 住\《稳住别浪》（校对版）.txt","重命名","还原混淆书名","11673295"
"03、都市\51、回 到\《回 到 过 去 变 成 猫》（精校版）.txt","03、都市\51、回 到\《回到过去变成猫》（精校版）.txt","重命名","还原混淆书名","3069914"
"03、都市\52、黄 金\《黄 金 渔 场》（校对版全本）.txt","03、都市\52、黄 金\《黄金渔场》（校对版全本）.txt","重命名","还原混淆书名","8779784"
"03、都市\53、肆 虐\《肆 虐 韩 娱》（校对版全本）.txt","03、都市\53、肆 虐\《肆虐韩娱》（校对版全本）.txt","重命名","还原混淆书名","3622537"
"03、都市\54、重 工\《大 国 重 工》（校对版全本）.txt","03、都市\54、重 工\《大国重工》（校对版全本）.txt","重命名","还原混淆书名","5909198"
"03、都市\55、重 塑\《重 塑 千 禧 年 代》（校对版）.txt","03、都市\55、重 塑\《重塑千禧年代》（校对版）.txt","重命名","还原混淆书名","11484864"
"03、都市\56、这 明 星\《这 个 明 星 合 法 但 有 病》（校对版）.txt","03、都市\56、这 明 星\《这个明星合法但有病》（校对版）.txt","重命名","还原混淆书名","9099460"
"03、都市\57、火 力\《火 力 为 王》（校对版）.txt","03、都市\57、火 力\《火力为王》（校对版）.txt","重命名","还原混淆书名","11945640"
"03、都市\58、女 房 客\《我的 26岁 女房客》（校对全本+番外）.txt","03、都市\58、女 房 客\《我的26岁女房客》（校对全本+番外）.txt","重命名","还原混淆书名","4639809"
"03、都市\59、1979\《我的 1979》(精校全本+番外) .txt","03、都市\59、1979\《我的1979》（精校全本+番外（.txt","重命名","还原混淆书名","12895991"
"03、都市\60、官 道\《G 道 之 S 戒》（校对版全本）.txt","03、都市\60、官 道\《官道之色戒》（校对版全本）.txt","重命名","还原混淆书名","6419436"
"03、都市\61、开 局\《开局账号xx反手充值xx》（校对版）.txt","03、都市\61、开 局\《开局账号被盗，反手充值一百万》（校对版）.txt","重命名","还原混淆书名","5313303"
"03、都市\62、卖 大 力\《开 局 地 摊 卖 大 力》（校对全本+番外）.txt","03、都市\62、卖 大 力\《开局地摊卖大力》（校对全本+番外）.txt","重命名","还原混淆书名","30642176"
"03、都市\63、医 生\《当 医 生 开 了 外 挂》（校对版）.txt","03、都市\63、医 生\《当医生开了外挂》（校对版）.txt","重命名","还原混淆书名","9818274"
"03、都市\64、完 美\《完美人生》（校对版全本）.txt","03、都市\64、完 美\《完美人生》（校对版全本）.txt","重命名","去除书名内空格/规范化版本标注","9651359"
"03、都市\65、野 性\《重 生 野 性 时 代》（校对版全本）.txt","03、都市\65、野 性\《重生野性时代》（校对版全本）.txt","重命名","还原混淆书名","4536202"
"04、科幻\01、吞噬星空\《吞噬星空》（校对版全本）.txt","04、科幻\01、吞噬星空\《吞噬星空》（校对版全本）.txt","重命名","去除书名内空格/规范化版本标注","10221344"
"04、科幻\02、从红月\《从红月开始》（精校版全本）.txt","04、科幻\02、从红月\《从红月开始》（精校版全本）.txt","重命名","去除书名内空格/规范化版本标注","6676715"
"04、科幻\03、我在末世ytf\《我在末世有套房》（校对版全本）.txt","04、科幻\03、我在末世ytf\《我在末世有套房》（校对版全本）.txt","重命名","去除书名内空格/规范化版本标注","8799192"
"04、科幻\04、学霸的hkjxt\《学霸的黑科技系统》（校对版全本）.txt","04、科幻\04、学霸的hkjxt\《学霸的黑科技系统》（校对版全本）.txt","重命名","去除书名内空格/规范化版本标注","9757293"
"04、科幻\05、天才JLB\《天才俱乐部》 （校对版全本）.txt","04、科幻\05、天才JLB\《天才俱乐部》（校对版全本）.txt","重命名","去除书名内空格/规范化版本标注","9169474"
"04、科幻\06、异常\《异常生物见闻录》（校对版全本）.txt","04、科幻\06、异常\《异常生物见闻录》（校对版全本）.txt","重命名","去除书名内空格/规范化版本标注","10906405"
"04、科幻\07、希灵\《希灵帝国》（校对版全本）.txt","04、科幻\07、希灵\《希灵帝国》（校对版全本）.txt","重命名","去除书名内空格/规范化版本标注","16540851"
"04、科幻\08、修真4w年\《修真四万年》（校对版全本）.txt","04、科幻\08、修真4w年\《修真四万年》（校对版全本）.txt","重命名","去除书名内空格/规范化版本标注","21797868"
"04、科幻\09、灵 境\《灵 境 行 者》（校对版全本）.txt","04、科幻\09、灵 境\《灵境行者》（校对版全本）.txt","重命名","还原混淆书名","13604619"
"04、科幻\10、黎 明\《黎明之剑》（校对版全本）.txt","04、科幻\10、黎 明\《黎明之剑》（校对版全本）.txt","重命名","去除书名内空格/规范化版本标注","13257690"
"04、科幻\11、深 海\《深 海 余 烬》（校对番外）.txt","04、科幻\11、深 海\《深海余烬》（校对番外）.txt","重命名","还原混淆书名","5490252"
"04、科幻\12、走 进\《走 进 不 科 学》（校对版全本）.txt","04、科幻\12、走 进\《走进不科学》（校对版全本）.txt","重命名","还原混淆书名","8748132"
"04、科幻\13、无 限\《无 限 恐 怖》（校对版全本）.txt","04、科幻\13、无 限\《无限恐怖》（校对版全本）.txt","重命名","还原混淆书名","5306820"
"04、科幻\14、踏 星\《踏 星》（校对版全本）.txt","04、科幻\14、踏 星\《踏星》（校对版全本）.txt","重命名","还原混淆书名","36548366"
"04、科幻\15、高 手\《高 人 竟 在 我 身 边》（校对版）.txt","04、科幻\15、高 手\《高人竟在我身边》（校对版）.txt","重命名","还原混淆书名","2725367"
"04、科幻\16、隐 秘\《隐 秘 死 角》（校对版全本）.txt","04、科幻\16、隐 秘\《隐秘死角》（校对版全本）.txt","重命名","还原混淆书名","5206308"
"04、科幻\17、第 九\《第 九 特 区》（校对版全本）.txt","04、科幻\17、第 九\《第九特区》（校对版全本）.txt","重命名","还原混淆书名","13146102"
"04、科幻\18、未 来\《未 来 天 王》（校对版全本）.txt","04、科幻\18、未 来\《未来天王》（校对版全本）.txt","重命名","还原混淆书名","3601648"
"04、科幻\19、我 的\《我的末世基地车》（校对版全本）.txt","04、科幻\19、我 的\《我的末世基地车》（校对版全本）.txt","重命名","去除书名内空格/规范化版本标注","4067564"
"04、科幻\20、最 后\《最 后 结 局》（校对版）.txt","04、科幻\20、最 后\《最后结局》（校对版）.txt","重命名","还原混淆书名","5635818"
"04、科幻\21、进 化 的\《进化的46亿重奏》（校对版）.txt","04、科幻\21、进 化 的\《进化的46亿重奏》（校对版）.txt","重命名","去除书名内空格/规范化版本标注","24275823"
"04、科幻\22、星 级\《星 级 猎 人》（校对版全本）.txt","04、科幻\22、星 级\《星级猎人》（校对版全本）.txt","重命名","还原混淆书名","5562666"
"04、科幻\23、狩 魔\《狩 魔 手 记》（校对版全本）.txt","04、科幻\23、狩 魔\《狩魔手记》（校对版全本）.txt","重命名","还原混淆书名","4494047"
"04、科幻\24、蟑 螂\《末 日 蟑 螂》（校对版全本）.txt","04、科幻\24、蟑 螂\《末日蟑螂》（校对版全本）.txt","重命名","还原混淆书名","13016966"
"04、科幻\25、宇 宙\《宇 宙 职 业 选 手》（校对版）.txt","04、科幻\25、宇 宙\《宇宙职业选手》（校对版）.txt","重命名","还原混淆书名","4361393"
"04、科幻\26、领 地\《我 的 末 世 领 地》（校对版）.txt","04、科幻\26、领 地\《我的末世领地》（校对版）.txt","重命名","还原混淆书名","5409722"
"04、科幻\27、光 明\《光 明 壁 垒》（校对版）.txt","04、科幻\27、光 明\《光明壁垒》（校对版）.txt","重命名","还原混淆书名","14000950"
"04、科幻\28、卡 徒\《卡 徒》（校对版全本）.txt","04、科幻\28、卡 徒\《卡徒》（校对版全本）.txt","重命名","还原混淆书名","4109520"
"04、科幻\29、废 土\《废 土 崛 起》（校对版全本）.txt","04、科幻\29、废 土\《废土崛起》（校对版全本）.txt","重命名","还原混淆书名","9387977"
"04、科幻\31、星 空\《星 空 职 业 者》（校对版）.txt","04、科幻\31、星 空\《星空职业者》（校对版）.txt","重命名","还原混淆书名","7588502"
"04、科幻\32、末 日\《末 日 乐 园》（校对版）.txt","04、科幻\32、末 日\《末日乐园》（校对版）.txt","重命名","还原混淆书名","15266671"
"04、科幻\33、师 士\《师士 传 说》（校对版全本）.txt","04、科幻\33、师 士\《师士传说》（校对版全本）.txt","重命名","还原混淆书名","4216223"
"04、科幻\39、诸 天\《逐 道 在 诸 天》（校对版全本）.txt","04、科幻\39、诸 天\《逐道在诸天》（校对版全本）.txt","重命名","还原混淆书名","3636548"
"05、奇幻\01、放开\《放开那个女巫》（精校版全本）.txt","05、奇幻\01、放开\《放开那个女巫》（精校版全本）.txt","重命名","去除书名内空格/规范化版本标注","7182069"
"05、奇幻\02、琴di\《琴帝》（校对版全本）.txt","05、奇幻\02、琴di\《琴帝》（校对版全本）.txt","重命名","去除书名内空格/规范化版本标注","6147505"
"05、奇幻\03、酒s\《酒神（阴阳冕）》（校对版全本）.txt","05、奇幻\03、酒s\《酒神（阴阳冕）》（校对版全本）.txt","重命名","去除书名内空格/规范化版本标注","5686753"
"05、奇幻\04、高天\《高天之上》（校对版全本）.txt","05、奇幻\04、高天\《高天之上》（校对版全本）.txt","重命名","去除书名内空格/规范化版本标注","9447673"
"05、奇幻\05、神秘zl\《神秘之旅》（精校版全本）.txt","05、奇幻\05、神秘zl\《神秘之旅》（精校版全本）.txt","重命名","去除书名内空格/规范化版本标注","9599984"
"05、奇幻\06、巫师zl\《巫师之旅》（校对版全本）.txt","05、奇幻\06、巫师zl\《巫师之旅》（校对版全本）.txt","重命名","去除书名内空格/规范化版本标注","11107317"
"05、奇幻\07、无限\《w限x核》（校对版全本）.txt","05、奇幻\07、无限\《无限血核》（校对版全本）.txt","重命名","还原混淆书名","7005538"
"05、奇幻\08、天q\《天q预b报》（校对版全本）.txt","05、奇幻\08、天q\《天启预报》（校对版全本）.txt","重命名","还原混淆书名","13891221"
"05、奇幻\09、诡m地h\《诡m地h》（校对版全本）.txt","05、奇幻\09、诡m地h\《诡秘地海》（校对版全本）.txt","重命名","还原混淆书名","5218500"
"05、奇幻\10、巫 界\《巫 界 术 士》（校对版全本）.txt","05、奇幻\10、巫 界\《巫界术士》（校对版全本）.txt","重命名","还原混淆书名","7883340"
"05、奇幻\11、黑 石\《黑 石 密 码》（校对版）.txt","05、奇幻\11、黑 石\《黑石密码》（校对版）.txt","重命名","还原混淆书名","21644631"
"05、奇幻\12、霍 格\《舌 尖 上 的 霍 格 沃 茨》（校对版）.txt","05、奇幻\12、霍 格\《舌尖上的霍格沃茨》（校对版）.txt","重命名","还原混淆书名","8371459"
"05、奇幻\13、骑 士\《巫师：从骑士呼吸法开始肝经验》.txt","05、奇幻\13、骑 士\《巫师：从骑士呼吸法开始肝经验》.txt","重命名","去除书名内空格/规范化版本标注","12336034"
"05、奇幻\14、亵 d\《亵 渎》（精校版全本）.txt","05、奇幻\14、亵 d\《亵渎》（精校版全本）.txt","重命名","还原混淆书名","5105513"
"05、奇幻\15、大 龙\《大 龙 挂 了》（校对版）.txt","05、奇幻\15、大 龙\《大龙挂了》（校对版）.txt","重命名","还原混淆书名","5437439"
"05、奇幻\16、G 王\国王.epub","05、奇幻\16、G 王\《国王》.epub","重命名","epub元数据书名《国王》","16002759"
"05、奇幻\17、魔 法\《第一次魔法世界大战》（校对版）.txt","05、奇幻\17、魔 法\《第一次魔法世界大战》（校对版）.txt","重命名","去除书名内空格/规范化版本标注","4653733"
"06、历史\01、庆余年\《庆余年》（精校版全本）.txt","06、历史\01、庆余年\《庆余年》（精校版全本）.txt","重命名","去除书名内空格/规范化版本标注","7283552"
"06、历史\02、娱乐cq\《娱乐春秋》（校对版全本）.txt","06、历史\02、娱乐cq\《娱乐春秋》（校对版全本）.txt","重命名","去除书名内空格/规范化版本标注","3986669"
"06、历史\03、逍遥\《逍遥小书生》（校对版全本）.txt","06、历史\03、逍遥\《逍遥小书生》（校对版全本）.txt","重命名","去除书名内空格/规范化版本标注","6118986"
"06、历史\04、宰执\《宰执天下》（校对版全本）.txt","06、历史\04、宰执\《宰执天下》（校对版全本）.txt","重命名","去除书名内空格/规范化版本标注","15779204"
"06、历史\05、唐z\《唐砖》（精校版全本）.txt","06、历史\05、唐z\《唐砖》（精校版全本）.txt","重命名","去除书名内空格/规范化版本标注","9082904"
"06、历史\06、极品jd\《极品家丁》（校对版全本）.txt","06、历史\06、极品jd\《极品家丁》（校对版全本）.txt","重命名","去除书名内空格/规范化版本标注","6210002"
"06、历史\07、绍s\《绍宋》（校对版全本）.txt","06、历史\07、绍s\《绍宋》（校对版全本）.txt","重命名","去除书名内空格/规范化版本标注","5399209"
"06、历史\08、晚 唐\《晚 唐 浮 生》（校对版）.txt","06、历史\08、晚 唐\《晚唐浮生》（校对版）.txt","重命名","还原混淆书名","12548062"
"06、历史\09、满 唐\《满 唐 华 彩》（校对版）.txt","06、历史\09、满 唐\《满唐华彩》（校对版）.txt","重命名","还原混淆书名","11962294"
"06、历史\10、秦 L\《秦 吏》（校对版全本）.txt","06、历史\10、秦 L\《秦吏》（校对版全本）.txt","重命名","还原混淆书名","7206940"
"06、历史\11、小 阁\《小 阁 老》（校对版全本）.txt","06、历史\11、小 阁\《小阁老》（校对版全本）.txt","重命名","还原混淆书名","10676191"
"06、历史\12、北 颂\《北 颂》（校对版全本）.txt","06、历史\12、北 颂\《北颂》（校对版全本）.txt","重命名","还原混淆书名","10443305"
"06、历史\13、败 家 Z\《明 朝 败 家 子》（校对版全本）.txt","06、历史\13、败 家 Z\《明朝败家子》（校对版全本）.txt","重命名","还原混淆书名","11666324"
"06、历史\14、家 父\《家 父 汉 高 祖》（校对版）.txt","06、历史\14、家 父\《家父汉高祖》（校对版）.txt","重命名","还原混淆书名","13474076"
"06、历史\15、大 明\《大 明 国 师》（校对版）.txt","06、历史\15、大 明\《大明国师》（校对版）.txt","重命名","还原混淆书名","9319384"
"06、历史\16、长 宁\《长 宁 帝 军》（校对版全本）.txt","06、历史\16、长 宁\《长宁帝军》（校对版全本）.txt","重命名","还原混淆书名","11258634"
"06、历史\17、北 宋\《北 宋 穿 越 指 南》（校对版全本）.txt","06、历史\17、北 宋\《北宋穿越指南》（校对版全本）.txt","重命名","还原混淆书名","12180893"
"06、历史\18、唐 人\《唐 人 的 餐 桌》（校对版）.txt","06、历史\18、唐 人\《唐人的餐桌》（校对版）.txt","重命名","还原混淆书名","8954903"
"06、历史\19、大 宋\《大 宋 的 智 慧》（校对版全本）.txt","06、历史\19、大 宋\《大宋的智慧》（校对版全本）.txt","重命名","还原混淆书名","7029638"
"06、历史\20、银 狐\《银 狐》（校对版全本）.txt","06、历史\20、银 狐\《银狐》（校对版全本）.txt","重命名","还原混淆书名","6183263"
"06、历史\21、汉 乡\《汉 乡》（校对版全本）.txt","06、历史\21、汉 乡\《汉乡》（校对版全本）.txt","重命名","还原混淆书名","7691034"
"06、历史\22、明 天 下\《明 天 下》（校对版全本）.txt","06、历史\22、明 天 下\《明天下》（校对版全本）.txt","重命名","还原混淆书名","6248975"
"06、历史\23、挽 天 倾\《红 楼 之 挽 天 倾》（校对版）.txt","06、历史\23、挽 天 倾\《红楼之挽天倾》（校对版）.txt","重命名","还原混淆书名","19635059"
"06、历史\24、如 意\《如 意 小 郎 君》（校对版全本）.txt","06、历史\24、如 意\《如意小郎君》（校对版全本）.txt","重命名","还原混淆书名","5306695"
"06、历史\25、大 唐\《大 唐 太 子》（校对版）.txt","06、历史\25、大 唐\《大唐太子》（校对版）.txt","重命名","还原混淆书名","7193562"
"06、历史\26、衣 冠\《衣 冠 不 南 渡》（校对版）.txt","06、历史\26、衣 冠\《衣冠不南渡》（校对版）.txt","重命名","还原混淆书名","7792157"
"06、历史\27、罗 马\《神 圣 罗 马 帝 国》（校对版）.txt","06、历史\27、罗 马\《神圣罗马帝国》（校对版）.txt","重命名","还原混淆书名","7991714"
"06、历史\28、无 敌\《无 敌 六 皇 子》（校对版）.txt","06、历史\28、无 敌\《无敌六皇子》（校对版）.txt","重命名","还原混淆书名","8014847"
"06、历史\29、世 子\《世 子 很 凶》（校对版）.txt","06、历史\29、世 子\《世子很凶》（校对版）.txt","重命名","还原混淆书名","5208138"
"06、历史\30、九 锡\《九 锡》（校对版）.txt","06、历史\30、九 锡\《九锡》（校对版）.txt","重命名","还原混淆书名","7365057"
"06、历史\31、北 齐\《北 齐 怪 谈》（校对版）.txt","06、历史\31、北 齐\《北齐怪谈》（校对版）.txt","重命名","还原混淆书名","5171371"
"06、历史\32、临 安\《临 安 不 夜 侯》（校对版）.txt","06、历史\32、临 安\《临安不夜侯》（校对版）.txt","重命名","还原混淆书名","11814200"
"06、历史\33、带 着\《带着仓库到大明》（校对版全本）.txt","06、历史\33、带 着\《带着仓库到大明》（校对版全本）.txt","重命名","去除书名内空格/规范化版本标注","13144304"
"06、历史\34、讨 逆\《讨 逆》（校对版）.txt","06、历史\34、讨 逆\《讨逆》（校对版）.txt","重命名","还原混淆书名","21201682"
"06、历史\35、回 到\《回 到 明 朝 当 王 爷》（精校版）.txt","06、历史\35、回 到\《回到明朝当王爷》（精校版）.txt","重命名","还原混淆书名","6976884"
"06、历史\36、文 豪\《文 豪 崛 起》（校对版）.txt","06、历史\36、文 豪\《文豪崛起》（校对版）.txt","重命名","还原混淆书名","5319959"
"06、历史\37、春 秋\《春 秋 我 为 王》（校对版）.txt","06、历史\37、春 秋\《春秋我为王》（校对版）.txt","重命名","还原混淆书名","8221023"
"07、武侠\01、不死\《不死不灭》（精校版全本）.txt","07、武侠\01、不死\《不死不灭》（精校版全本）.txt","重命名","去除书名内空格/规范化版本标注","1568704"
"07、武侠\02、九dj\《九鼎记》（校对版全本）.txt","07、武侠\02、九dj\《九鼎记》（校对版全本）.txt","重命名","去除书名内空格/规范化版本标注","4327833"
"07、武侠\03、最强\《最强反派系统》（校对版全本）.txt","07、武侠\03、最强\《最强反派系统》（校对版全本）.txt","重命名","去除书名内空格/规范化版本标注","9839066"
"07、武侠\04、龙 蛇\《龙 蛇 演 义》（精校版全本）.txt","07、武侠\04、龙 蛇\《龙蛇演义》（精校版全本）.txt","重命名","还原混淆书名","4264762"
"07、武侠\05、玩 家\《玩 家 凶 猛》（校对版全本）.txt","07、武侠\05、玩 家\《玩家凶猛》（校对版全本）.txt","重命名","还原混淆书名","6731949"
"07、武侠\06、机 动\《机 动 风 暴》（校对版全本）.txt","07、武侠\06、机 动\《机动风暴》（校对版全本）.txt","重命名","还原混淆书名","5464781"
"07、武侠\07、金 刚\《金刚不坏大寨主》（校对版）.txt","07、武侠\07、金 刚\《金刚不坏大寨主》（校对版）.txt","重命名","去除书名内空格/规范化版本标注","14010442"
"08、游戏\01、惊 悚 乐 园\《惊悚乐园》（校对版全本+番外）.txt","08、游戏\01、惊 悚 乐 园\《惊悚乐园》（校对版全本+番外）.txt","重命名","去除书名内空格/规范化版本标注","10309137"
"08、游戏\02、亏 成 首 富\《亏成首富从游戏开始》（校对版全本）.txt","08、游戏\02、亏 成 首 富\《亏成首富从游戏开始》（校对版全本）.txt","重命名","去除书名内空格/规范化版本标注","11629402"
"08、游戏\03、全 职\《全职高手》（精校版全本）.txt","08、游戏\03、全 职\《全职高手》（精校版全本）.txt","重命名","去除书名内空格/规范化版本标注","11131340"
"08、游戏\04、超神机械\《超神机械师》（校对版全本）.txt","08、游戏\04、超神机械\《超神机械师》（校对版全本）.txt","重命名","去除书名内空格/规范化版本标注","11056364"
"08、游戏\05、失落叶三部曲\《网游之天下无双》（校对版全本）.txt","08、游戏\05、失落叶三部曲\《网游之天下无双》（校对版全本）.txt","重命名","去除书名内空格/规范化版本标注","10902236"
"08、游戏\05、失落叶三部曲\《网游之盗版神话》（校对版全本）.txt","08、游戏\05、失落叶三部曲\《网游之盗版神话》（校对版全本）.txt","重命名","去除书名内空格/规范化版本标注","5419908"
"08、游戏\05、失落叶三部曲\《网游之纵横天下》（校对版全本）.txt","08、游戏\05、失落叶三部曲\《网游之纵横天下》（校对版全本）.txt","重命名","去除书名内空格/规范化版本标注","9841674"
"08、游戏\06、这游戏\《这游戏也太真实了》（精校版全本）.txt","08、游戏\06、这游戏\《这游戏也太真实了》（精校版全本）.txt","重命名","去除书名内空格/规范化版本标注","22372584"
"08、游戏\07、英雄LM\《英雄联盟之灾变时代》（校对版全本）.txt","08、游戏\07、英雄LM\《英雄联盟之灾变时代》（校对版全本）.txt","重命名","去除书名内空格/规范化版本标注","3234094"
"08、游戏\08、琥珀zj\《琥珀之剑》（校对版全本）.txt","08、游戏\08、琥珀zj\《琥珀之剑》（校对版全本）.txt","重命名","去除书名内空格/规范化版本标注","11828881"
"08、游戏\09、王者sk\《王者时刻》（校对版全本）.txt","08、游戏\09、王者sk\《王者时刻》（校对版全本）.txt","重命名","去除书名内空格/规范化版本标注","2628472"
"08、游戏\10、从零\《从零开始》（校对版全本）.txt","08、游戏\10、从零\《从零开始》（校对版全本）.txt","重命名","去除书名内空格/规范化版本标注","40540352"
"08、游戏\11、网游之td\《网游之天地》（校对版全本）.txt","08、游戏\11、网游之td\《网游之天地》（校对版全本）.txt","重命名","去除书名内空格/规范化版本标注","10417710"
"08、游戏\12、c生之z行天下\《重生之贼行天下》（校对版全本）.txt","08、游戏\12、c生之z行天下\《重生之贼行天下》（校对版全本）.txt","重命名","去除书名内空格/规范化版本标注","6190734"
"08、游戏\13、c生z最强剑神\《重生之最强剑神》（校对版全本）.txt","08、游戏\13、c生z最强剑神\《重生之最强剑神》（校对版全本）.txt","重命名","去除书名内空格/规范化版本标注","15105287"
"08、游戏\14、联盟z魔w系t\《联盟之魔王系统》（校对版全本）.txt","08、游戏\14、联盟z魔w系t\《联盟之魔王系统》（校对版全本）.txt","重命名","去除书名内空格/规范化版本标注","8587153"
"08、游戏\16、什么叫游走\《什么叫游走型中单啊》（校对版全本）.txt","08、游戏\16、什么叫游走\《什么叫游走型中单啊》（校对版全本）.txt","重命名","去除书名内空格/规范化版本标注","8886275"
"08、游戏\17、什么叫六边形\《什么叫六边形打野啊》（校对版全本）.txt","08、游戏\17、什么叫六边形\《什么叫六边形打野啊》（校对版全本）.txt","重命名","去除书名内空格/规范化版本标注","11938300"
"08、游戏\18、近战fs\《网游之近战法师》（精校版全本）.txt","08、游戏\18、近战fs\《网游之近战法师》（精校版全本）.txt","重命名","去除书名内空格/规范化版本标注","7541899"
"08、游戏\19、y兵x统\《联盟之佣兵系统》（校对版全本）.txt","08、游戏\19、y兵x统\《联盟之佣兵系统》（校对版全本）.txt","重命名","去除书名内空格/规范化版本标注","6149383"
"08、游戏\20、峡谷zd\《峡谷之巅》（校对版全本）.txt","08、游戏\20、峡谷zd\《峡谷之巅》（校对版全本）.txt","重命名","去除书名内空格/规范化版本标注","4591596"
"08、游戏\21、落地\《落地一把98K》（校对版全本）.txt","08、游戏\21、落地\《落地一把98K》（校对版全本）.txt","重命名","去除书名内空格/规范化版本标注","6994825"
"08、游戏\22、峡谷znl\《峡谷正能量》（校对版全本）.txt","08、游戏\22、峡谷znl\《峡谷正能量》（校对版全本）.txt","重命名","去除书名内空格/规范化版本标注","6480030"
"08、游戏\23、上d之s\《英雄联盟：上帝之手》（校对版全本）.txt","08、游戏\23、上d之s\《英雄联盟：上帝之手》（校对版全本）.txt","重命名","去除书名内空格/规范化版本标注","4643966"
"08、游戏\24、冠j之j\《英雄联盟：冠军之箭》（校对版全本）.txt","08、游戏\24、冠j之j\《英雄联盟：冠军之箭》（校对版全本）.txt","重命名","去除书名内空格/规范化版本标注","5529521"
"08、游戏\25、s级y雄\《神级英雄》（校对版全本）.txt","08、游戏\25、s级y雄\《神级英雄》（校对版全本）.txt","重命名","去除书名内空格/规范化版本标注","12906354"
"08、游戏\26、崛 起\《主 神 崛 起》（校对版全本）.txt","08、游戏\26、崛 起\《主神崛起》（校对版全本）.txt","重命名","还原混淆书名","5698782"
"08、游戏\27、梦 路\《逍 遥 梦 路》（校对版全本）.txt","08、游戏\27、梦 路\《逍遥梦路》（校对版全本）.txt","重命名","还原混淆书名","7971112"
"08、游戏\28、黎 明\《超 凡 黎 明》（校对版全本）.txt","08、游戏\28、黎 明\《超凡黎明》（校对版全本）.txt","重命名","还原混淆书名","3971939"
"08、游戏\30、神 秀\《神 秀 之 主》（校对版全本）.txt","08、游戏\30、神 秀\《神秀之主》（校对版全本）.txt","重命名","还原混淆书名","4522802"
"08、游戏\31、神 秘\《神 秘 之 劫》（校对版全本）.txt","08、游戏\31、神 秘\《神秘之劫》（校对版全本）.txt","重命名","还原混淆书名","6405743"
"08、游戏\33、逆 天\《邪 龙 逆 天》（校对版）.txt","08、游戏\33、逆 天\《邪龙逆天》（校对版）.txt","重命名","还原混淆书名","8045686"
"08、游戏\34、这 个\《这 个 男 人 太 强 了！》（校对版）.txt","08、游戏\34、这 个\《这个男人太强了！》（校对版）.txt","重命名","还原混淆书名","7462835"
"08、游戏\35、法 爷\《我真没针对法爷》（校对版全本）.txt","08、游戏\35、法 爷\《我真没针对法爷》（校对版全本）.txt","重命名","去除书名内空格/规范化版本标注","6682149"
"09、高武\01、我在\《我在精神病院学斩神》（校对版全本）.txt","09、高武\01、我在\《我在精神病院学斩神》（校对版全本）.txt","重命名","去除书名内空格/规范化版本标注","9116825"
"09、高武\02、万族\《万族之劫》（校对版全本）.txt","09、高武\02、万族\《万族之劫》（校对版全本）.txt","重命名","去除书名内空格/规范化版本标注","18542118"
"09、高武\02、万族\《全球高武》（精校版全本）.txt","09、高武\02、万族\《全球高武》（精校版全本）.txt","重命名","去除书名内空格/规范化版本标注","18649335"
"10、灵异\01、道诡\《道 诡 异 仙》（校对版）.txt","10、灵异\01、道诡\《道诡异仙》（校对版）.txt","重命名","还原混淆书名","7144234"
"10、灵异\02、我有yzmxw\《我有一座冒险屋(我有一座恐怖屋)》（校对版全本）.txt","10、灵异\02、我有yzmxw\《我有一座冒险屋(我有一座恐怖屋)》（校对版全本）.txt","重命名","去除书名内空格/规范化版本标注","6574688"
"11、悬疑\01、十日\《十日终焉》（校对全本）.txt","11、悬疑\01、十日\《十日终焉》（校对全本）.txt","重命名","去除书名内空格/规范化版本标注","9385090"
"11、悬疑\02、镇妖\《镇妖博物馆》（校对版全本）.txt","11、悬疑\02、镇妖\《镇妖博物馆》（校对版全本）.txt","重命名","去除书名内空格/规范化版本标注","11046824"
"11、悬疑\03、黄昏\《黄昏分界》（软校全本）.txt","11、悬疑\03、黄昏\《黄昏分界》（软校全本）.txt","重命名","去除书名内空格/规范化版本标注","9268790"
"11、悬疑\04、我的zyxyx\《我的治愈系游戏》（校对版全本+番外）.txt","11、悬疑\04、我的zyxyx\《我的治愈系游戏》（校对版全本+番外）.txt","重命名","去除书名内空格/规范化版本标注","10405597"
"11、悬疑\05、深夜sw\《深夜书屋》（校对版全本）.txt","11、悬疑\05、深夜sw\《深夜书屋》（校对版全本）.txt","重命名","去除书名内空格/规范化版本标注","8585189"
"11、悬疑\06、魔 临\《魔临》（校对版全本）.txt","11、悬疑\06、魔 临\《魔临》（校对版全本）.txt","重命名","去除书名内空格/规范化版本标注","11929638"
"11、悬疑\07、诡 舍\《诡 舍》（原版）.txt","11、悬疑\07、诡 舍\《诡舍》（原版）.txt","重命名","还原混淆书名","5925846"
"11、悬疑\08、G 吹 灯\《鬼吹灯全集》（精校版，全8卷）.txt","11、悬疑\08、G 吹 灯\《鬼吹灯全集》（精校版，全8卷）.txt","重命名","去除书名内空格/规范化版本标注","5917711"
"11、悬疑\09、DM笔记\《盗墓笔记》（实体封面全本）.txt","11、悬疑\09、DM笔记\《盗墓笔记》（实体封面全本）.txt","重命名","去除书名内空格/规范化版本标注","3113377"
"11、悬疑\10、通 幽\《通幽大圣》（校对版全本）.txt","11、悬疑\10、通 幽\《通幽大圣》（校对版全本）.txt","重命名","去除书名内空格/规范化版本标注","3831125"
"13、军事\01、炮 火\《炮火弧线》（校对版全本）.txt","13、军事\01、炮 火\《炮火弧线》（校对版全本）.txt","重命名","去除书名内空格/规范化版本标注","8503003"
"14、轻小说\01、我 本\《我 本 无 意 成 仙》（校对版）.txt","14、轻小说\01、我 本\《我本无意成仙》（校对版）.txt","重命名","还原混淆书名","5259558"
"14、轻小说\02、不 许\《不 许 没 收 我 的 人 籍》（校对版全本）.txt","14、轻小说\02、不 许\《不许没收我的人籍》（校对版全本）.txt","重命名","还原混淆书名","10446801"
"14、轻小说\03、我 的\《我 的 超 能 力 每 周 刷 新》（校对版）.txt","14、轻小说\03、我 的\《我的超能力每周刷新》（校对版）.txt","重命名","还原混淆书名","6393826"
"14、轻小说\04、训 练 家\《我 真 没 想 当 训 练 家 啊》（校对版）.txt","14、轻小说\04、训 练 家\《我真没想当训练家啊》（校对版）.txt","重命名","还原混淆书名","10200556"
"14、轻小说\05、术 师\《术 师 手 册》（校对版）.txt","14、轻小说\05、术 师\《术师手册》（校对版）.txt","重命名","还原混淆书名","9249596"
"14、轻小说\06、剑 出\《剑出衡山》（校对版全本＋番外）.txt","14、轻小说\06、剑 出\《剑出衡山》（校对版全本＋番外）.txt","重命名","去除书名内空格/规范化版本标注","4200016"
"14、轻小说\07、世 界\《世界树的游戏》（校对版全本）.txt","14、轻小说\07、世 界\《世界树的游戏》（校对版全本）.txt","重命名","去除书名内空格/规范化版本标注","7398612"
"14、轻小说\08、轮 回\《轮 回 乐 园》（校对版）.txt","14、轻小说\08、轮 回\《轮回乐园》（校对版）.txt","重命名","还原混淆书名","45995168"
"14、轻小说\09、精灵\《精灵掌门人》（校对版全本）.txt","14、轻小说\09、精灵\《精灵掌门人》（校对版全本）.txt","重命名","去除书名内空格/规范化版本标注","8305185"
"14、轻小说\10、我 家 老婆\《我家老婆来自一千年前》（校对版全本）.txt","14、轻小说\10、我 家 老婆\《我家老婆来自一千年前》（校对版全本）.txt","重命名","去除书名内空格/规范化版本标注","2408418"
"14、轻小说\11、芝 加 哥\《芝加哥1990》（校对版全本）.txt","14、轻小说\11、芝 加 哥\《芝加哥1990》（校对版全本）.txt","重命名","去除书名内空格/规范化版本标注","10712340"
"14、轻小说\12、姑 获 鸟\《从 姑 获 鸟 开 始》（精校版）.txt","14、轻小说\12、姑 获 鸟\《从姑获鸟开始》（精校版）.txt","重命名","还原混淆书名","6308262"
"14、轻小说\13、出 牌\《我就是不按套路出牌》（校对版）.txt","14、轻小说\13、出 牌\《我就是不按套路出牌》（校对版）.txt","重命名","去除书名内空格/规范化版本标注","8403525"
"14、轻小说\14、我 家\《我家娘子，不对劲》（校对版）.txt","14、轻小说\14、我 家\《我家娘子，不对劲》（校对版）.txt","重命名","去除书名内空格/规范化版本标注","8797386"
"14、轻小说\16、魏 君\《视 死 如 归 魏 君 子》（校对版）.txt","14、轻小说\16、魏 君\《视死如归魏君子》（校对版）.txt","重命名","还原混淆书名","6546570"
"15、女频\01、天 官\《天官赐福》(精校全本+番外)【回归重修版】.txt","15、女频\01、天 官\《天官赐福》（精校全本+番外（【回归重修版】.txt","重命名","去除书名内空格/规范化版本标注","3204535"
"15、女频\02、魔 D 祖 S\《魔 道 祖 师》（精校版+番外）.txt","15、女频\02、魔 D 祖 S\《魔道祖师》（精校版+番外）.txt","重命名","还原混淆书名","1305890"
"16、体育\01、禁 区\《禁 区 之 狐》（校对版全本）.txt","16、体育\01、禁 区\《禁区之狐》（校对版全本）.txt","重命名","还原混淆书名","16739996"
"17、其他\01、海贼王之mcgs\《海贼王之mcgs》（校对版全本）.txt","17、其他\01、海贼王之mcgs\《海贼王之母巢果实》（校对版全本）.txt","重命名","还原混淆书名","1152446"
"01、玄幻\88、万 古\04.更多精品完本，可访问：www.nmzys.com","","清理","空广告目录删除","0"
"02、仙侠\55、修 仙\03.更多精品完本，可访问：www.nmzys.com","","清理","空广告目录删除","0"
"02、仙侠\56、谁 让\03.更多精品完本，可访问：www.nmzys.com","","清理","空广告目录删除","0"
"02、仙侠\67、修 仙\03.03.更多精品完本，可访问：www.nmzys.com","","清理","空广告目录删除","0"
"03、都市\50、稳 住\03.更多精品完本，可访问：www.nmzys.com","","清理","空广告目录删除","0"
"03、都市\58、女 房 客\更多精品完本，可访问：www.nmzys.com","","清理","空广告目录删除","0"
"04、科幻\31、星 空\更多精品完本，可访问：www.nmzys.com","","清理","空广告目录删除","0"
"14、轻小说\08、轮 回\更多精品完本，可访问：www.nmzys.com","","清理","空广告目录删除","0"
"15、女频\01、天 官\更多精品完本，可访问：www.nmzys.com","","清理","空广告目录删除","0"
"02、仙侠\27、烂K棋Y","02、仙侠\烂柯棋缘","文件夹改名","书文件夹规范化为书名","0"
"04、科幻\19、我 的","04、科幻\我的末世基地车","文件夹改名","书文件夹规范化为书名","0"
"15、女频\02、魔 D 祖 S","15、女频\魔道祖师","文件夹改名","书文件夹规范化为书名","0"
"02、仙侠\62、仙 者","02、仙侠\仙者","文件夹改名","书文件夹规范化为书名","0"
"01、玄幻\93、普 罗","01、玄幻\普罗之主","文件夹改名","书文件夹规范化为书名","0"
"06、历史\31、北 齐","06、历史\北齐怪谈","文件夹改名","书文件夹规范化为书名","0"
"08、游戏\05、失落叶三部曲","08、游戏\失落叶网游三部曲","文件夹改名","书文件夹规范化为书名","0"
"04、科幻\07、希灵","04、科幻\希灵帝国","文件夹改名","书文件夹规范化为书名","0"
"01、玄幻\30、临渊","01、玄幻\临渊行","文件夹改名","书文件夹规范化为书名","0"
"03、都市\01、夜的","03、都市\夜的命名术","文件夹改名","书文件夹规范化为书名","0"
"08、游戏\12、c生之z行天下","08、游戏\重生之贼行天下","文件夹改名","书文件夹规范化为书名","0"
"11、悬疑\08、G 吹 灯","11、悬疑\鬼吹灯全集","文件夹改名","书文件夹规范化为书名","0"
"02、仙侠\12、我欲ft","02、仙侠\我欲封天","文件夹改名","书文件夹规范化为书名","0"
"02、仙侠\33、这 个","02、仙侠\这个人仙太过正经","文件夹改名","书文件夹规范化为书名","0"
"06、历史\21、汉 乡","06、历史\汉乡","文件夹改名","书文件夹规范化为书名","0"
"08、游戏\08、琥珀zj","08、游戏\琥珀之剑","文件夹改名","书文件夹规范化为书名","0"
"03、都市\15、全z艺s家","03、都市\全职艺术家","文件夹改名","书文件夹规范化为书名","0"
"01、玄幻\82、罪 恶","01、玄幻\罪恶之城","文件夹改名","书文件夹规范化为书名","0"
"08、游戏\21、落地","08、游戏\落地一把98K","文件夹改名","书文件夹规范化为书名","0"
"04、科幻\03、我在末世ytf","04、科幻\我在末世有套房","文件夹改名","书文件夹规范化为书名","0"
"05、奇幻\12、霍 格","05、奇幻\舌尖上的霍格沃茨","文件夹改名","书文件夹规范化为书名","0"
"05、奇幻\01、放开","05、奇幻\放开那个女巫","文件夹改名","书文件夹规范化为书名","0"
"03、都市\40、流 年","03、都市\似水流年","文件夹改名","书文件夹规范化为书名","0"
"11、悬疑\01、十日","11、悬疑\十日终焉","文件夹改名","书文件夹规范化为书名","0"
"06、历史\27、罗 马","06、历史\神圣罗马帝国","文件夹改名","书文件夹规范化为书名","0"
"01、玄幻\08、牧 神","01、玄幻\牧神记","文件夹改名","书文件夹规范化为书名","0"
"02、仙侠\45、地 球","02、仙侠\地球第一剑","文件夹改名","书文件夹规范化为书名","0"
"03、都市\29、冲 浪","03、都市\重生之我要冲浪","文件夹改名","书文件夹规范化为书名","0"
"01、玄幻\69、牧 龙 师","01、玄幻\牧龙师","文件夹改名","书文件夹规范化为书名","0"
"03、都市\13、韩y","03、都市\韩娱之光影交错","文件夹改名","书文件夹规范化为书名","0"
"04、科幻\29、废 土","04、科幻\废土崛起","文件夹改名","书文件夹规范化为书名","0"
"14、轻小说\11、芝 加 哥","14、轻小说\芝加哥1990","文件夹改名","书文件夹规范化为书名","0"
"04、科幻\17、第 九","04、科幻\第九特区","文件夹改名","书文件夹规范化为书名","0"
"05、奇幻\08、天q","05、奇幻\天启预报","文件夹改名","书文件夹规范化为书名","0"
"11、悬疑\05、深夜sw","11、悬疑\深夜书屋","文件夹改名","书文件夹规范化为书名","0"
"03、都市\55、重 塑","03、都市\重塑千禧年代","文件夹改名","书文件夹规范化为书名","0"
"06、历史\04、宰执","06、历史\宰执天下","文件夹改名","书文件夹规范化为书名","0"
"04、科幻\12、走 进","04、科幻\走进不科学","文件夹改名","书文件夹规范化为书名","0"
"06、历史\37、春 秋","06、历史\春秋我为王","文件夹改名","书文件夹规范化为书名","0"
"09、高武\02、万族","09、高武\万族之劫","文件夹改名","书文件夹规范化为书名","0"
"06、历史\19、大 宋","06、历史\大宋的智慧","文件夹改名","书文件夹规范化为书名","0"
"11、悬疑\02、镇妖","11、悬疑\镇妖博物馆","文件夹改名","书文件夹规范化为书名","0"
"02、仙侠\22、诛仙","02、仙侠\诛仙","文件夹改名","书文件夹规范化为书名","0"
"08、游戏\11、网游之td","08、游戏\网游之天地","文件夹改名","书文件夹规范化为书名","0"
"11、悬疑\06、魔 临","11、悬疑\魔临","文件夹改名","书文件夹规范化为书名","0"
"01、玄幻\31、宿命zh","01、玄幻\宿命之环","文件夹改名","书文件夹规范化为书名","0"
"01、玄幻\20、大主z","01、玄幻\大主宰","文件夹改名","书文件夹规范化为书名","0"
"02、仙侠\02、大奉打更人","02、仙侠\大奉打更人","文件夹改名","书文件夹规范化为书名","0"
"01、玄幻\22、魔兽剑圣","01、玄幻\魔兽剑圣异界纵横","文件夹改名","书文件夹规范化为书名","0"
"08、游戏\09、王者sk","08、游戏\王者时刻","文件夹改名","书文件夹规范化为书名","0"
"02、仙侠\14、莽荒j","02、仙侠\莽荒纪","文件夹改名","书文件夹规范化为书名","0"
"06、历史\12、北 颂","06、历史\北颂","文件夹改名","书文件夹规范化为书名","0"
"15、女频\01、天 官","15、女频\天官赐福","文件夹改名","书文件夹规范化为书名","0"
"04、科幻\31、星 空","04、科幻\星空职业者","文件夹改名","书文件夹规范化为书名","0"
"01、玄幻\11、盘L","01、玄幻\盘龙","文件夹改名","书文件夹规范化为书名","0"
"03、都市\09、俗人hd","03、都市\俗人回档","文件夹改名","书文件夹规范化为书名","0"
"14、轻小说\10、我 家 老婆","14、轻小说\我家老婆来自一千年前","文件夹改名","书文件夹规范化为书名","0"
"08、游戏\07、英雄LM","08、游戏\英雄联盟之灾变时代","文件夹改名","书文件夹规范化为书名","0"
"03、都市\41、逆 流","03、都市\逆流纯真年代","文件夹改名","书文件夹规范化为书名","0"
"02、仙侠\63、霸 武","02、仙侠\霸武","文件夹改名","书文件夹规范化为书名","0"
"01、玄幻\36、乱s","01、玄幻\乱世书","文件夹改名","书文件夹规范化为书名","0"
"02、仙侠\44、玄 浑","02、仙侠\玄浑道章","文件夹改名","书文件夹规范化为书名","0"
"02、仙侠\38、佛 本","02、仙侠\佛本是道","文件夹改名","书文件夹规范化为书名","0"
"06、历史\05、唐z","06、历史\唐砖","文件夹改名","书文件夹规范化为书名","0"
"03、都市\31、心 跳","03、都市\心跳引擎","文件夹改名","书文件夹规范化为书名","0"
"08、游戏\10、从零","08、游戏\从零开始","文件夹改名","书文件夹规范化为书名","0"
"06、历史\28、无 敌","06、历史\无敌六皇子","文件夹改名","书文件夹规范化为书名","0"
"01、玄幻\37、我的徒弟","01、玄幻\我的徒弟都是大反派","文件夹改名","书文件夹规范化为书名","0"
"02、仙侠\46、大 佬","02、仙侠\天庭最后一个大佬","文件夹改名","书文件夹规范化为书名","0"
"08、游戏\19、y兵x统","08、游戏\联盟之佣兵系统","文件夹改名","书文件夹规范化为书名","0"
"08、游戏\31、神 秘","08、游戏\神秘之劫","文件夹改名","书文件夹规范化为书名","0"
"03、都市\58、女 房 客","03、都市\我的26岁女房客","文件夹改名","书文件夹规范化为书名","0"
"03、都市\36、镇 妖 关","03、都市\从前有座镇妖关","文件夹改名","书文件夹规范化为书名","0"
"03、都市\61、开 局","03、都市\开局账号被盗，反手充值一百万","文件夹改名","书文件夹规范化为书名","0"
"01、玄幻\63、十 方","01、玄幻\十方武圣","文件夹改名","书文件夹规范化为书名","0"
"01、玄幻\90、乌 托 邦","01、玄幻\故障乌托邦","文件夹改名","书文件夹规范化为书名","0"
"04、科幻\26、领 地","04、科幻\我的末世领地","文件夹改名","书文件夹规范化为书名","0"
"03、都市\04、我真","03、都市\我真没想重生啊","文件夹改名","书文件夹规范化为书名","0"
"02、仙侠\65、丹 仙","02、仙侠\一品丹仙","文件夹改名","书文件夹规范化为书名","0"
"02、仙侠\23、大道","02、仙侠\大道争锋","文件夹改名","书文件夹规范化为书名","0"
"03、都市\05、大王","03、都市\大王饶命","文件夹改名","书文件夹规范化为书名","0"
"02、仙侠\66、闲 书","02、仙侠\我用闲书成圣人","文件夹改名","书文件夹规范化为书名","0"
"09、高武\01、我在","09、高武\我在精神病院学斩神","文件夹改名","书文件夹规范化为书名","0"
"02、仙侠\77、掠 天","02、仙侠\掠天记","文件夹改名","书文件夹规范化为书名","0"
"03、都市\34、修 s","03、都市\全职修神","文件夹改名","书文件夹规范化为书名","0"
"01、玄幻\80、小 师 叔","01、玄幻\有请小师叔","文件夹改名","书文件夹规范化为书名","0"
"01、玄幻\18、长夜yh","01、玄幻\长夜余火","文件夹改名","书文件夹规范化为书名","0"
"01、玄幻\35、儒道zs","01、玄幻\儒道至圣","文件夹改名","书文件夹规范化为书名","0"
"02、仙侠\57、我 的","02、仙侠\我每月能刷新金手指","文件夹改名","书文件夹规范化为书名","0"
"03、都市\54、重 工","03、都市\大国重工","文件夹改名","书文件夹规范化为书名","0"
"06、历史\11、小 阁","06、历史\小阁老","文件夹改名","书文件夹规范化为书名","0"
"01、玄幻\57、圣 w","01、玄幻\圣王","文件夹改名","书文件夹规范化为书名","0"
"03、都市\06、第一","03、都市\第一序列","文件夹改名","书文件夹规范化为书名","0"
"02、仙侠\60、飞 天","02、仙侠\飞天","文件夹改名","书文件夹规范化为书名","0"
"01、玄幻\42、保 护","01、玄幻\保护我方族长","文件夹改名","书文件夹规范化为书名","0"
"02、仙侠\07、飞剑","02、仙侠\飞剑问道","文件夹改名","书文件夹规范化为书名","0"
"01、玄幻\55、龙 F","01、玄幻\龙符","文件夹改名","书文件夹规范化为书名","0"
"06、历史\22、明 天 下","06、历史\明天下","文件夹改名","书文件夹规范化为书名","0"
"03、都市\35、御 兽","03、都市\御兽之王","文件夹改名","书文件夹规范化为书名","0"
"04、科幻\39、诸 天","04、科幻\逐道在诸天","文件夹改名","书文件夹规范化为书名","0"
"08、游戏\14、联盟z魔w系t","08、游戏\联盟之魔王系统","文件夹改名","书文件夹规范化为书名","0"
"03、都市\59、1979","03、都市\我的1979","文件夹改名","书文件夹规范化为书名","0"
"02、仙侠\11、q魔","02、仙侠\求魔","文件夹改名","书文件夹规范化为书名","0"
"06、历史\15、大 明","06、历史\大明国师","文件夹改名","书文件夹规范化为书名","0"
"06、历史\08、晚 唐","06、历史\晚唐浮生","文件夹改名","书文件夹规范化为书名","0"
"01、玄幻\51、垂 钓","01、玄幻\垂钓之神","文件夹改名","书文件夹规范化为书名","0"
"06、历史\26、衣 冠","06、历史\衣冠不南渡","文件夹改名","书文件夹规范化为书名","0"
"08、游戏\25、s级y雄","08、游戏\神级英雄","文件夹改名","书文件夹规范化为书名","0"
"03、都市\30、点 到","03、都市\点道为止","文件夹改名","书文件夹规范化为书名","0"
"03、都市\49、顾 道","03、都市\顾道长生","文件夹改名","书文件夹规范化为书名","0"
"06、历史\32、临 安","06、历史\临安不夜侯","文件夹改名","书文件夹规范化为书名","0"
"02、仙侠\58、剑 徒","02、仙侠\剑徒之路","文件夹改名","书文件夹规范化为书名","0"
"03、都市\16、奶爸de文艺rs","03、都市\奶爸的文艺人生","文件夹改名","书文件夹规范化为书名","0"
"08、游戏\24、冠j之j","08、游戏\英雄联盟：冠军之箭","文件夹改名","书文件夹规范化为书名","0"
"13、军事\01、炮 火","13、军事\炮火弧线","文件夹改名","书文件夹规范化为书名","0"
"01、玄幻\75、傲 世","01、玄幻\傲世九重天","文件夹改名","书文件夹规范化为书名","0"
"03、都市\28、美 食","03、都市\美食供应商","文件夹改名","书文件夹规范化为书名","0"
"02、仙侠\09、魔tj","02、仙侠\魔天记","文件夹改名","书文件夹规范化为书名","0"
"14、轻小说\03、我 的","14、轻小说\我的超能力每周刷新","文件夹改名","书文件夹规范化为书名","0"
"01、玄幻\34、雪中hdx","01、玄幻\雪中悍刀行","文件夹改名","书文件夹规范化为书名","0"
"08、游戏\03、全 职","08、游戏\全职高手","文件夹改名","书文件夹规范化为书名","0"
"01、玄幻\91、人H纪","01、玄幻\人皇纪","文件夹改名","书文件夹规范化为书名","0"
"01、玄幻\87、天 师","01、玄幻\从天师府开始","文件夹改名","书文件夹规范化为书名","0"
"04、科幻\15、高 手","04、科幻\高人竟在我身边","文件夹改名","书文件夹规范化为书名","0"
"06、历史\33、带 着","06、历史\带着仓库到大明","文件夹改名","书文件夹规范化为书名","0"
"14、轻小说\16、魏 君","14、轻小说\视死如归魏君子","文件夹改名","书文件夹规范化为书名","0"
"02、仙侠\15、星辰","02、仙侠\星辰变","文件夹改名","书文件夹规范化为书名","0"
"02、仙侠\55、修 仙","02、仙侠\当你把事情做到极致","文件夹改名","书文件夹规范化为书名","0"
"01、玄幻\88、万 古","01、玄幻\万古神帝","文件夹改名","书文件夹规范化为书名","0"
"14、轻小说\01、我 本","14、轻小说\我本无意成仙","文件夹改名","书文件夹规范化为书名","0"
"05、奇幻\17、魔 法","05、奇幻\第一次魔法世界大战","文件夹改名","书文件夹规范化为书名","0"
"03、都市\64、完 美","03、都市\完美人生","文件夹改名","书文件夹规范化为书名","0"
"01、玄幻\29、朱雀","01、玄幻\朱雀记","文件夹改名","书文件夹规范化为书名","0"
"01、玄幻\70、明 日","01、玄幻\明日之劫","文件夹改名","书文件夹规范化为书名","0"
"01、玄幻\60、永 恒","01、玄幻\永恒剑主","文件夹改名","书文件夹规范化为书名","0"
"01、玄幻\76、凌 天","01、玄幻\凌天传说","文件夹改名","书文件夹规范化为书名","0"
"05、奇幻\16、G 王","05、奇幻\国王","文件夹改名","书文件夹规范化为书名","0"
"02、仙侠\10、灭世TL","02、仙侠\灭运图录","文件夹改名","书文件夹规范化为书名","0"
"01、玄幻\74、逆 天","01、玄幻\逆天邪神","文件夹改名","书文件夹规范化为书名","0"
"14、轻小说\04、训 练 家","14、轻小说\我真没想当训练家啊","文件夹改名","书文件夹规范化为书名","0"
"04、科幻\09、灵 境","04、科幻\灵境行者","文件夹改名","书文件夹规范化为书名","0"
"11、悬疑\03、黄昏","11、悬疑\黄昏分界","文件夹改名","书文件夹规范化为书名","0"
"14、轻小说\12、姑 获 鸟","14、轻小说\从姑获鸟开始","文件夹改名","书文件夹规范化为书名","0"
"14、轻小说\14、我 家","14、轻小说\我家娘子，不对劲","文件夹改名","书文件夹规范化为书名","0"
"03、都市\32、弃 少","03、都市\最强弃少","文件夹改名","书文件夹规范化为书名","0"
"05、奇幻\11、黑 石","05、奇幻\黑石密码","文件夹改名","书文件夹规范化为书名","0"
"03、都市\24、逼 我","03、都市\逼我重生是吧","文件夹改名","书文件夹规范化为书名","0"
"02、仙侠\47、仙 F","02、仙侠\仙父","文件夹改名","书文件夹规范化为书名","0"
"02、仙侠\41、第 九","02、仙侠\天下第九","文件夹改名","书文件夹规范化为书名","0"
"04、科幻\14、踏 星","04、科幻\踏星","文件夹改名","书文件夹规范化为书名","0"
"04、科幻\05、天才JLB","04、科幻\天才俱乐部","文件夹改名","书文件夹规范化为书名","0"
"01、玄幻\38、恶m法z","01、玄幻\恶魔法则","文件夹改名","书文件夹规范化为书名","0"
"01、玄幻\86、魔 皇","01、玄幻\我夺舍了魔皇","文件夹改名","书文件夹规范化为书名","0"
"04、科幻\18、未 来","04、科幻\未来天王","文件夹改名","书文件夹规范化为书名","0"
"02、仙侠\24、问道","02、仙侠\问道红尘(仙子请自重)","文件夹改名","书文件夹规范化为书名","0"
"04、科幻\08、修真4w年","04、科幻\修真四万年","文件夹改名","书文件夹规范化为书名","0"
"03、都市\53、肆 虐","03、都市\肆虐韩娱","文件夹改名","书文件夹规范化为书名","0"
"02、仙侠\48、剑 神","02、仙侠\我不可能是剑神","文件夹改名","书文件夹规范化为书名","0"
"01、玄幻\79、左 道","01、玄幻\御道倾天","文件夹改名","书文件夹规范化为书名","0"
"02、仙侠\44、白 首","02、仙侠\白首妖师","文件夹改名","书文件夹规范化为书名","0"
"01、玄幻\09、神 M","01、玄幻\神墓","文件夹改名","书文件夹规范化为书名","0"
"02、仙侠\30、大 乘","02、仙侠\大乘期才有逆袭系统","文件夹改名","书文件夹规范化为书名","0"
"01、玄幻\50、武 极","01、玄幻\武极天下","文件夹改名","书文件夹规范化为书名","0"
"03、都市\20、wydg","03、都市\文娱帝国","文件夹改名","书文件夹规范化为书名","0"
"01、玄幻\62、万 千","01、玄幻\万千之心","文件夹改名","书文件夹规范化为书名","0"
"03、都市\60、官 道","03、都市\官道之色戒","文件夹改名","书文件夹规范化为书名","0"
"05、奇幻\05、神秘zl","05、奇幻\神秘之旅","文件夹改名","书文件夹规范化为书名","0"
"06、历史\03、逍遥","06、历史\逍遥小书生","文件夹改名","书文件夹规范化为书名","0"
"05、奇幻\02、琴di","05、奇幻\琴帝","文件夹改名","书文件夹规范化为书名","0"
"04、科幻\32、末 日","04、科幻\末日乐园","文件夹改名","书文件夹规范化为书名","0"
"01、玄幻\14、奥术","01、玄幻\奥术神座","文件夹改名","书文件夹规范化为书名","0"
"01、玄幻\85、史 上","01、玄幻\史上第一祖师爷","文件夹改名","书文件夹规范化为书名","0"
"01、玄幻\10、沧YT","01、玄幻\沧元图","文件夹改名","书文件夹规范化为书名","0"
"08、游戏\34、这 个","08、游戏\这个男人太强了！","文件夹改名","书文件夹规范化为书名","0"
"03、都市\43、半 岛","03、都市\半岛检察官","文件夹改名","书文件夹规范化为书名","0"
"04、科幻\33、师 士","04、科幻\师士传说","文件夹改名","书文件夹规范化为书名","0"
"04、科幻\20、最 后","04、科幻\最后结局","文件夹改名","书文件夹规范化为书名","0"
"03、都市\50、稳 住","03、都市\稳住别浪","文件夹改名","书文件夹规范化为书名","0"
"06、历史\07、绍s","06、历史\绍宋","文件夹改名","书文件夹规范化为书名","0"
"02、仙侠\32、苟 在","02、仙侠\苟在妖武乱世修仙","文件夹改名","书文件夹规范化为书名","0"
"01、玄幻\78、苍 穹","01、玄幻\天域苍穹","文件夹改名","书文件夹规范化为书名","0"
"01、玄幻\27、择tj","01、玄幻\择天记","文件夹改名","书文件夹规范化为书名","0"
"01、玄幻\48、最 强 Z X","01、玄幻\史上最强赘婿","文件夹改名","书文件夹规范化为书名","0"
"01、玄幻\65、太 古","01、玄幻\太古神王","文件夹改名","书文件夹规范化为书名","0"
"01、玄幻\45、武 炼","01、玄幻\武炼巅峰","文件夹改名","书文件夹规范化为书名","0"
"03、都市\26、明 克","03、都市\明克街13号","文件夹改名","书文件夹规范化为书名","0"
"02、仙侠\76、百 炼","02、仙侠\百炼成仙","文件夹改名","书文件夹规范化为书名","0"
"03、都市\02、深空","03、都市\深空彼岸","文件夹改名","书文件夹规范化为书名","0"
"04、科幻\02、从红月","04、科幻\从红月开始","文件夹改名","书文件夹规范化为书名","0"
"02、仙侠\43、独 步","02、仙侠\独步天下","文件夹改名","书文件夹规范化为书名","0"
"11、悬疑\09、DM笔记","11、悬疑\盗墓笔记","文件夹改名","书文件夹规范化为书名","0"
"04、科幻\21、进 化 的","04、科幻\进化的46亿重奏","文件夹改名","书文件夹规范化为书名","0"
"01、玄幻\83、史 上","01、玄幻\史上最强师兄","文件夹改名","书文件夹规范化为书名","0"
"01、玄幻\59、巫 x x 界","01、玄幻\巫师世界","文件夹改名","书文件夹规范化为书名","0"
"02、仙侠\67、修 仙","02、仙侠\修仙就是这样子的","文件夹改名","书文件夹规范化为书名","0"
"06、历史\17、北 宋","06、历史\北宋穿越指南","文件夹改名","书文件夹规范化为书名","0"
"02、仙侠\40、不 朽","02、仙侠\不朽凡人","文件夹改名","书文件夹规范化为书名","0"
"02、仙侠\53、道 门","02、仙侠\道门法则","文件夹改名","书文件夹规范化为书名","0"
"02、仙侠\51、仙 H","02、仙侠\仙葫","文件夹改名","书文件夹规范化为书名","0"
"01、玄幻\28、大道","01、玄幻\大道朝天","文件夹改名","书文件夹规范化为书名","0"
"01、玄幻\40、全 职","01、玄幻\全职法师","文件夹改名","书文件夹规范化为书名","0"
"05、奇幻\06、巫师zl","05、奇幻\巫师之旅","文件夹改名","书文件夹规范化为书名","0"
"01、玄幻\13、一世","01、玄幻\一世之尊","文件夹改名","书文件夹规范化为书名","0"
"02、仙侠\36、黑 山","02、仙侠\黑山老妖","文件夹改名","书文件夹规范化为书名","0"
"03、都市\39、1993","03、都市\重生大时代之1993","文件夹改名","书文件夹规范化为书名","0"
"08、游戏\33、逆 天","08、游戏\邪龙逆天","文件夹改名","书文件夹规范化为书名","0"
"04、科幻\01、吞噬星空","04、科幻\吞噬星空","文件夹改名","书文件夹规范化为书名","0"
"11、悬疑\04、我的zyxyx","11、悬疑\我的治愈系游戏","文件夹改名","书文件夹规范化为书名","0"
"01、玄幻\23、雪 鹰","01、玄幻\雪鹰领主","文件夹改名","书文件夹规范化为书名","0"
"08、游戏\16、什么叫游走","08、游戏\什么叫游走型中单啊","文件夹改名","书文件夹规范化为书名","0"
"01、玄幻\73、天 阿","01、玄幻\天阿降临","文件夹改名","书文件夹规范化为书名","0"
"02、仙侠\19、dz","02、仙侠\帝尊","文件夹改名","书文件夹规范化为书名","0"
"01、玄幻\81、原 始","01、玄幻\原始战记","文件夹改名","书文件夹规范化为书名","0"
"03、都市\10、文艺sd","03、都市\文艺时代","文件夹改名","书文件夹规范化为书名","0"
"03、都市\18、w娱","03、都市\文娱教父","文件夹改名","书文件夹规范化为书名","0"
"02、仙侠\01、FRXXZ","02、仙侠\凡人修仙传系列","文件夹改名","书文件夹规范化为书名","0"
"01、玄幻\32、神印wz","01、玄幻\神印王座","文件夹改名","书文件夹规范化为书名","0"
"02、仙侠\59、前 任","02、仙侠\前任无双","文件夹改名","书文件夹规范化为书名","0"
"01、玄幻\24、星 门","01、玄幻\星门","文件夹改名","书文件夹规范化为书名","0"
"01、玄幻\92、魔 神","01、玄幻\魔神乐园","文件夹改名","书文件夹规范化为书名","0"
"03、都市\27、隐 s","03、都市\隐杀","文件夹改名","书文件夹规范化为书名","0"
"14、轻小说\06、剑 出","14、轻小说\剑出衡山","文件夹改名","书文件夹规范化为书名","0"
"08、游戏\22、峡谷znl","08、游戏\峡谷正能量","文件夹改名","书文件夹规范化为书名","0"
"01、玄幻\72、禁 区","01、玄幻\神话禁区","文件夹改名","书文件夹规范化为书名","0"
"07、武侠\06、机 动","07、武侠\机动风暴","文件夹改名","书文件夹规范化为书名","0"
"01、玄幻\05、永生","01、玄幻\永生","文件夹改名","书文件夹规范化为书名","0"
"02、仙侠\28、大w读s人","02、仙侠\大魏读书人","文件夹改名","书文件夹规范化为书名","0"
"01、玄幻\43、神 话","01、玄幻\神话纪元，我进化成了恒星级巨兽","文件夹改名","书文件夹规范化为书名","0"
"06、历史\34、讨 逆","06、历史\讨逆","文件夹改名","书文件夹规范化为书名","0"
"02、仙侠\17、星峰","02、仙侠\星峰传说","文件夹改名","书文件夹规范化为书名","0"
"02、仙侠\25、这是","02、仙侠\这是我的星球","文件夹改名","书文件夹规范化为书名","0"
"05、奇幻\15、大 龙","05、奇幻\大龙挂了","文件夹改名","书文件夹规范化为书名","0"
"01、玄幻\58、剑 道","01、玄幻\剑道第一仙","文件夹改名","书文件夹规范化为书名","0"
"02、仙侠\71、长 生 仙","02、仙侠\我为长生仙","文件夹改名","书文件夹规范化为书名","0"
"01、玄幻\52、异 世","01、玄幻\异世邪君","文件夹改名","书文件夹规范化为书名","0"
"06、历史\02、娱乐cq","06、历史\娱乐春秋","文件夹改名","书文件夹规范化为书名","0"
"03、都市\48、陈 二","03、都市\陈二狗的妖孽人生","文件夹改名","书文件夹规范化为书名","0"
"06、历史\16、长 宁","06、历史\长宁帝军","文件夹改名","书文件夹规范化为书名","0"
"04、科幻\28、卡 徒","04、科幻\卡徒","文件夹改名","书文件夹规范化为书名","0"
"04、科幻\13、无 限","04、科幻\无限恐怖","文件夹改名","书文件夹规范化为书名","0"
"01、玄幻\25、间k","01、玄幻\间客","文件夹改名","书文件夹规范化为书名","0"
"02、仙侠\54、大 数 据","02、仙侠\大数据修仙","文件夹改名","书文件夹规范化为书名","0"
"02、仙侠\16、寸芒","02、仙侠\寸芒","文件夹改名","书文件夹规范化为书名","0"
"08、游戏\23、上d之s","08、游戏\英雄联盟：上帝之手","文件夹改名","书文件夹规范化为书名","0"
"06、历史\35、回 到","06、历史\回到明朝当王爷","文件夹改名","书文件夹规范化为书名","0"
"02、仙侠\20、剑L","02、仙侠\剑来","文件夹改名","书文件夹规范化为书名","0"
"01、玄幻\77、至 尊","01、玄幻\我是至尊","文件夹改名","书文件夹规范化为书名","0"
"03、都市\57、火 力","03、都市\火力为王","文件夹改名","书文件夹规范化为书名","0"
"01、玄幻\26、将y","01、玄幻\将夜","文件夹改名","书文件夹规范化为书名","0"
"03、都市\12、女主","03、都市\女主从书里跑出来了怎么办","文件夹改名","书文件夹规范化为书名","0"
"07、武侠\07、金 刚","07、武侠\金刚不坏大寨主","文件夹改名","书文件夹规范化为书名","0"
"01、玄幻\21、元z","01、玄幻\元尊","文件夹改名","书文件夹规范化为书名","0"
"01、玄幻\19、长生j","01、玄幻\长生界","文件夹改名","书文件夹规范化为书名","0"
"02、仙侠\03、我师兄实在太稳健了","02、仙侠\我师兄实在太稳健了","文件夹改名","书文件夹规范化为书名","0"
"01、玄幻\61、召 唤","01、玄幻\召唤梦魇","文件夹改名","书文件夹规范化为书名","0"
"03、都市\08、我是","03、都市\我是大玩家","文件夹改名","书文件夹规范化为书名","0"
"04、科幻\22、星 级","04、科幻\星级猎人","文件夹改名","书文件夹规范化为书名","0"
"07、武侠\01、不死","07、武侠\不死不灭","文件夹改名","书文件夹规范化为书名","0"
"02、仙侠\31、择 日","02、仙侠\择日飞升","文件夹改名","书文件夹规范化为书名","0"
"03、都市\51、回 到","03、都市\回到过去变成猫","文件夹改名","书文件夹规范化为书名","0"
"03、都市\37、养成","03、都市\养成系男神：听劝后，我成了顶流","文件夹改名","书文件夹规范化为书名","0"
"04、科幻\04、学霸的hkjxt","04、科幻\学霸的黑科技系统","文件夹改名","书文件夹规范化为书名","0"
"08、游戏\18、近战fs","08、游戏\网游之近战法师","文件夹改名","书文件夹规范化为书名","0"
"01、玄幻\07、圣墟","01、玄幻\圣墟","文件夹改名","书文件夹规范化为书名","0"
"03、都市\03、修真","03、都市\修真聊天群","文件夹改名","书文件夹规范化为书名","0"
"04、科幻\16、隐 秘","04、科幻\隐秘死角","文件夹改名","书文件夹规范化为书名","0"
"02、仙侠\72、望 长 天","02、仙侠\望长天","文件夹改名","书文件夹规范化为书名","0"
"01、玄幻\44、渊 T 尊","01、玄幻\渊天尊","文件夹改名","书文件夹规范化为书名","0"
"01、玄幻\39、N 侠","01、玄幻\女侠且慢","文件夹改名","书文件夹规范化为书名","0"
"06、历史\25、大 唐","06、历史\大唐太子","文件夹改名","书文件夹规范化为书名","0"
"16、体育\01、禁 区","16、体育\禁区之狐","文件夹改名","书文件夹规范化为书名","0"
"04、科幻\10、黎 明","04、科幻\黎明之剑","文件夹改名","书文件夹规范化为书名","0"
"02、仙侠\21、极道","02、仙侠\极道天魔","文件夹改名","书文件夹规范化为书名","0"
"02、仙侠\04、仙逆","02、仙侠\仙逆","文件夹改名","书文件夹规范化为书名","0"
"04、科幻\27、光 明","04、科幻\光明壁垒","文件夹改名","书文件夹规范化为书名","0"
"02、仙侠\34、神 话 D 皇","02、仙侠\最强神话帝皇","文件夹改名","书文件夹规范化为书名","0"
"07、武侠\05、玩 家","07、武侠\玩家凶猛","文件夹改名","书文件夹规范化为书名","0"
"03、都市\45、学 霸","03、都市\神级学霸","文件夹改名","书文件夹规范化为书名","0"
"08、游戏\13、c生z最强剑神","08、游戏\重生之最强剑神","文件夹改名","书文件夹规范化为书名","0"
"03、都市\17、这个","03、都市\这个明星来自地球","文件夹改名","书文件夹规范化为书名","0"
"06、历史\13、败 家 Z","06、历史\明朝败家子","文件夹改名","书文件夹规范化为书名","0"
"01、玄幻\06、遮天","01、玄幻\遮天","文件夹改名","书文件夹规范化为书名","0"
"10、灵异\01、道诡","10、灵异\道诡异仙","文件夹改名","书文件夹规范化为书名","0"
"02、仙侠\13、三寸rj","02、仙侠\三寸人间","文件夹改名","书文件夹规范化为书名","0"
"03、都市\23、信息","03、都市\信息全知者","文件夹改名","书文件夹规范化为书名","0"
"06、历史\06、极品jd","06、历史\极品家丁","文件夹改名","书文件夹规范化为书名","0"
"02、仙侠\08、玄界zm","02、仙侠\玄界之门","文件夹改名","书文件夹规范化为书名","0"
"01、玄幻\12、不科学","01、玄幻\不科学御兽","文件夹改名","书文件夹规范化为书名","0"
"11、悬疑\07、诡 舍","11、悬疑\诡舍","文件夹改名","书文件夹规范化为书名","0"
"06、历史\20、银 狐","06、历史\银狐","文件夹改名","书文件夹规范化为书名","0"
"06、历史\24、如 意","06、历史\如意小郎君","文件夹改名","书文件夹规范化为书名","0"
"03、都市\33、疯 子","03、都市\纨绔疯子","文件夹改名","书文件夹规范化为书名","0"
"01、玄幻\33、天z变","01、玄幻\天珠变","文件夹改名","书文件夹规范化为书名","0"
"02、仙侠\26、请G子Z妖","02、仙侠\请公子斩妖","文件夹改名","书文件夹规范化为书名","0"
"08、游戏\17、什么叫六边形","08、游戏\什么叫六边形打野啊","文件夹改名","书文件夹规范化为书名","0"
"06、历史\36、文 豪","06、历史\文豪崛起","文件夹改名","书文件夹规范化为书名","0"
"08、游戏\35、法 爷","08、游戏\我真没针对法爷","文件夹改名","书文件夹规范化为书名","0"
"02、仙侠\37、阳 S","02、仙侠\阳神","文件夹改名","书文件夹规范化为书名","0"
"02、仙侠\29、道 君","02、仙侠\道君","文件夹改名","书文件夹规范化为书名","0"
"02、仙侠\70、仙 人","02、仙侠\仙人只想躺着","文件夹改名","书文件夹规范化为书名","0"
"17、其他\01、海贼王之mcgs","17、其他\海贼王之母巢果实","文件夹改名","书文件夹规范化为书名","0"
"06、历史\30、九 锡","06、历史\九锡","文件夹改名","书文件夹规范化为书名","0"
"03、都市\22、异兽","03、都市\异兽迷城","文件夹改名","书文件夹规范化为书名","0"
"02、仙侠\18、大梦z","02、仙侠\大梦主","文件夹改名","书文件夹规范化为书名","0"
"01、玄幻\66、绝 世","01、玄幻\绝世武神","文件夹改名","书文件夹规范化为书名","0"
"04、科幻\24、蟑 螂","04、科幻\末日蟑螂","文件夹改名","书文件夹规范化为书名","0"
"14、轻小说\07、世 界","14、轻小说\世界树的游戏","文件夹改名","书文件夹规范化为书名","0"
"01、玄幻\16、武动","01、玄幻\武动乾坤","文件夹改名","书文件夹规范化为书名","0"
"02、仙侠\52、苟 在","02、仙侠\苟在女魔头身边偷偷修炼","文件夹改名","书文件夹规范化为书名","0"
"01、玄幻\02、斗罗","01、玄幻\斗罗大陆系列","文件夹改名","书文件夹规范化为书名","0"
"08、游戏\30、神 秀","08、游戏\神秀之主","文件夹改名","书文件夹规范化为书名","0"
"08、游戏\28、黎 明","08、游戏\超凡黎明","文件夹改名","书文件夹规范化为书名","0"
"01、玄幻\68、图 书 馆","01、玄幻\天道图书馆","文件夹改名","书文件夹规范化为书名","0"
"08、游戏\26、崛 起","08、游戏\主神崛起","文件夹改名","书文件夹规范化为书名","0"
"04、科幻\11、深 海","04、科幻\深海余烬","文件夹改名","书文件夹规范化为书名","0"
"14、轻小说\08、轮 回","14、轻小说\轮回乐园","文件夹改名","书文件夹规范化为书名","0"
"06、历史\10、秦 L","06、历史\秦吏","文件夹改名","书文件夹规范化为书名","0"
"02、仙侠\05、一念永恒","02、仙侠\一念永恒","文件夹改名","书文件夹规范化为书名","0"
"03、都市\44、我 的","03、都市\我的姐姐是大明星","文件夹改名","书文件夹规范化为书名","0"
"02、仙侠\74、仙 吏","02、仙侠\大周仙吏","文件夹改名","书文件夹规范化为书名","0"
"07、武侠\04、龙 蛇","07、武侠\龙蛇演义","文件夹改名","书文件夹规范化为书名","0"
"03、都市\46、超 级","03、都市\超级能源强国","文件夹改名","书文件夹规范化为书名","0"
"14、轻小说\02、不 许","14、轻小说\不许没收我的人籍","文件夹改名","书文件夹规范化为书名","0"
"01、玄幻\53、帝 霸","01、玄幻\帝霸","文件夹改名","书文件夹规范化为书名","0"
"01、玄幻\03、完美","01、玄幻\完美世界","文件夹改名","书文件夹规范化为书名","0"
"03、都市\21、兼z艺s家","03、都市\兼职艺术家","文件夹改名","书文件夹规范化为书名","0"
"02、仙侠\64、文 圣","02、仙侠\大夏文圣","文件夹改名","书文件夹规范化为书名","0"
"05、奇幻\13、骑 士","05、奇幻\巫师：从骑士呼吸法开始肝经验","文件夹改名","书文件夹规范化为书名","0"
"03、都市\65、野 性","03、都市\重生野性时代","文件夹改名","书文件夹规范化为书名","0"
"03、都市\11、我的nysen","03、都市\我的女友是恶女","文件夹改名","书文件夹规范化为书名","0"
"03、都市\07、重生","03、都市\重生之财源滚滚","文件夹改名","书文件夹规范化为书名","0"
"03、都市\14、天w","03、都市\天王","文件夹改名","书文件夹规范化为书名","0"
"01、玄幻\46、最 强","01、玄幻\万古最强宗","文件夹改名","书文件夹规范化为书名","0"
"05、奇幻\07、无限","05、奇幻\无限血核","文件夹改名","书文件夹规范化为书名","0"
"01、玄幻\41、永 夜","01、玄幻\永夜君王","文件夹改名","书文件夹规范化为书名","0"
"10、灵异\02、我有yzmxw","10、灵异\我有一座冒险屋(我有一座恐怖屋)","文件夹改名","书文件夹规范化为书名","0"
"02、仙侠\39、弃 宇","02、仙侠\弃宇宙","文件夹改名","书文件夹规范化为书名","0"
"03、都市\19、w娱w岁","03、都市\文娱万岁","文件夹改名","书文件夹规范化为书名","0"
"07、武侠\03、最强","07、武侠\最强反派系统","文件夹改名","书文件夹规范化为书名","0"
"01、玄幻\67、太 平","01、玄幻\太平令","文件夹改名","书文件夹规范化为书名","0"
"14、轻小说\05、术 师","14、轻小说\术师手册","文件夹改名","书文件夹规范化为书名","0"
"06、历史\01、庆余年","06、历史\庆余年","文件夹改名","书文件夹规范化为书名","0"
"05、奇幻\09、诡m地h","05、奇幻\诡秘地海","文件夹改名","书文件夹规范化为书名","0"
"01、玄幻\49、顶 级 气 运","01、玄幻\顶级气运，悄悄修炼千年","文件夹改名","书文件夹规范化为书名","0"
"06、历史\09、满 唐","06、历史\满唐华彩","文件夹改名","书文件夹规范化为书名","0"
"02、仙侠\69、妖 女","02、仙侠\妖女请留步","文件夹改名","书文件夹规范化为书名","0"
"01、玄幻\89、金 丹","01、玄幻\金丹是恒星，你管这叫修仙？","文件夹改名","书文件夹规范化为书名","0"
"01、玄幻\01、斗破","01、玄幻\斗破","文件夹改名","书文件夹规范化为书名","0"
"03、都市\63、医 生","03、都市\当医生开了外挂","文件夹改名","书文件夹规范化为书名","0"
"14、轻小说\13、出 牌","14、轻小说\我就是不按套路出牌","文件夹改名","书文件夹规范化为书名","0"
"01、玄幻\17、武道zs","01、玄幻\武道宗师","文件夹改名","书文件夹规范化为书名","0"
"03、都市\25、都重s了","03、都市\都重生了谁谈恋爱啊","文件夹改名","书文件夹规范化为书名","0"
"03、都市\52、黄 金","03、都市\黄金渔场","文件夹改名","书文件夹规范化为书名","0"
"01、玄幻\54、我 有","01、玄幻\我有一剑","文件夹改名","书文件夹规范化为书名","0"
"01、玄幻\26、星 河","01、玄幻\星河大帝","文件夹改名","书文件夹规范化为书名","0"
"03、都市\56、这 明 星","03、都市\这个明星合法但有病","文件夹改名","书文件夹规范化为书名","0"
"01、玄幻\64、修 行","01、玄幻\我的属性修行人生","文件夹改名","书文件夹规范化为书名","0"
"06、历史\29、世 子","06、历史\世子很凶","文件夹改名","书文件夹规范化为书名","0"
"08、游戏\20、峡谷zd","08、游戏\峡谷之巅","文件夹改名","书文件夹规范化为书名","0"
"08、游戏\01、惊 悚 乐 园","08、游戏\惊悚乐园","文件夹改名","书文件夹规范化为书名","0"
"08、游戏\06、这游戏","08、游戏\这游戏也太真实了","文件夹改名","书文件夹规范化为书名","0"
"03、都市\62、卖 大 力","03、都市\开局地摊卖大力","文件夹改名","书文件夹规范化为书名","0"
"03、都市\38、手 术","03、都市\手术直播间","文件夹改名","书文件夹规范化为书名","0"
"02、仙侠\35、造 化","02、仙侠\造化之门","文件夹改名","书文件夹规范化为书名","0"
"05、奇幻\14、亵 d","05、奇幻\亵渎","文件夹改名","书文件夹规范化为书名","0"
"03、都市\42、穹 顶","03、都市\穹顶之上","文件夹改名","书文件夹规范化为书名","0"
"11、悬疑\10、通 幽","11、悬疑\通幽大圣","文件夹改名","书文件夹规范化为书名","0"
"02、仙侠\68、大 周","02、仙侠\大周不良人","文件夹改名","书文件夹规范化为书名","0"
"04、科幻\06、异常","04、科幻\异常生物见闻录","文件夹改名","书文件夹规范化为书名","0"
"06、历史\23、挽 天 倾","06、历史\红楼之挽天倾","文件夹改名","书文件夹规范化为书名","0"
"01、玄幻\04、诡秘","01、玄幻\诡秘之主","文件夹改名","书文件夹规范化为书名","0"
"02、仙侠\42、聊 z","02、仙侠\聊斋大圣人","文件夹改名","书文件夹规范化为书名","0"
"02、仙侠\75、大 劫 主","02、仙侠\大劫主","文件夹改名","书文件夹规范化为书名","0"
"08、游戏\27、梦 路","08、游戏\逍遥梦路","文件夹改名","书文件夹规范化为书名","0"
"06、历史\14、家 父","06、历史\家父汉高祖","文件夹改名","书文件夹规范化为书名","0"
"02、仙侠\06、神秘复苏","02、仙侠\神秘复苏","文件夹改名","书文件夹规范化为书名","0"
"02、仙侠\73、反 套 路","02、仙侠\最强反套路系统","文件夹改名","书文件夹规范化为书名","0"
"08、游戏\02、亏 成 首 富","08、游戏\亏成首富从游戏开始","文件夹改名","书文件夹规范化为书名","0"
"05、奇幻\10、巫 界","05、奇幻\巫界术士","文件夹改名","书文件夹规范化为书名","0"
"02、仙侠\56、谁 让","02、仙侠\谁让他修仙的！","文件夹改名","书文件夹规范化为书名","0"
"03、都市\47、大 医","03、都市\大医凌然","文件夹改名","书文件夹规范化为书名","0"
"05、奇幻\03、酒s","05、奇幻\酒神（阴阳冕）","文件夹改名","书文件夹规范化为书名","0"
"02、仙侠\50、从 前","02、仙侠\从前有座灵剑山","文件夹改名","书文件夹规范化为书名","0"
"06、历史\18、唐 人","06、历史\唐人的餐桌","文件夹改名","书文件夹规范化为书名","0"
"01、玄幻\47、伏 天","01、玄幻\伏天氏","文件夹改名","书文件夹规范化为书名","0"
"07、武侠\02、九dj","07、武侠\九鼎记","文件夹改名","书文件夹规范化为书名","0"
"08、游戏\04、超神机械","08、游戏\超神机械师","文件夹改名","书文件夹规范化为书名","0"
"04、科幻\23、狩 魔","04、科幻\狩魔手记","文件夹改名","书文件夹规范化为书名","0"
"14、轻小说\09、精灵","14、轻小说\精灵掌门人","文件夹改名","书文件夹规范化为书名","0"
"01、玄幻\84、别 秀","01、玄幻\公子别秀","文件夹改名","书文件夹规范化为书名","0"
"04、科幻\25、宇 宙","04、科幻\宇宙职业选手","文件夹改名","书文件夹规范化为书名","0"
"05、奇幻\04、高天","05、奇幻\高天之上","文件夹改名","书文件夹规范化为书名","0"
"01、玄幻\15、人道","01、玄幻\人道至尊","文件夹改名","书文件夹规范化为书名","0"
"02、仙侠\49、大 苍","02、仙侠\大苍守夜人","文件夹改名","书文件夹规范化为书名","0"
"01、玄幻\71、超 神","01、玄幻\超级神基因","文件夹改名","书文件夹规范化为书名","0"
"02、仙侠\61、半 仙","02、仙侠\半仙","文件夹改名","书文件夹规范化为书名","0"
"01、玄幻\01、斗破\《斗破》（校对版全本）.txt","01、玄幻\《斗破》（校对版全本）.txt","扁平化上移","单本去除同名文件夹，文件直接放入分类目录","10800589"
"01、玄幻\02、斗罗\《斗罗大陆》（校对版全本）.txt","01、玄幻\《斗罗大陆》（校对版全本）.txt","扁平化上移","单本去除同名文件夹，文件直接放入分类目录","5947282"
"01、玄幻\02、斗罗\《斗罗大陆III龙王传说》（校对版全本）.txt","01、玄幻\《斗罗大陆III龙王传说》（校对版全本）.txt","扁平化上移","单本去除同名文件夹，文件直接放入分类目录","10354618"
"01、玄幻\02、斗罗\《斗罗大陆II绝世唐门》（校对版全本）.txt","01、玄幻\《斗罗大陆II绝世唐门》（校对版全本）.txt","扁平化上移","单本去除同名文件夹，文件直接放入分类目录","10838897"
"01、玄幻\02、斗罗\《斗罗大陆IV终极斗罗》（校对版全本）.txt","01、玄幻\《斗罗大陆IV终极斗罗》（校对版全本）.txt","扁平化上移","单本去除同名文件夹，文件直接放入分类目录","9131949"
"01、玄幻\03、完美\《完美世界》（校对版全本）.txt","01、玄幻\《完美世界》（校对版全本）.txt","扁平化上移","单本去除同名文件夹，文件直接放入分类目录","14245680"
"01、玄幻\04、诡秘\《诡秘之主》（精校版全本）.txt","01、玄幻\《诡秘之主》（精校版全本）.txt","扁平化上移","单本去除同名文件夹，文件直接放入分类目录","9589843"
"01、玄幻\05、永生\《永生》（校对版全本）.txt","01、玄幻\《永生》（校对版全本）.txt","扁平化上移","单本去除同名文件夹，文件直接放入分类目录","10670788"
"01、玄幻\06、遮天\《遮天》（精校版全本）.txt","01、玄幻\《遮天》（精校版全本）.txt","扁平化上移","单本去除同名文件夹，文件直接放入分类目录","13622648"
"01、玄幻\07、圣墟\《圣墟》（校对版全本+番外）.txt","01、玄幻\《圣墟》（校对版全本+番外）.txt","扁平化上移","单本去除同名文件夹，文件直接放入分类目录","13301643"
"01、玄幻\08、牧 神\《牧神记》（校对版全本）.txt","01、玄幻\《牧神记》（校对版全本）.txt","扁平化上移","单本去除同名文件夹，文件直接放入分类目录","12479742"
"01、玄幻\09、神 M\《神墓》（校对版全本）.txt","01、玄幻\《神墓》（校对版全本）.txt","扁平化上移","单本去除同名文件夹，文件直接放入分类目录","5932725"
"01、玄幻\10、沧YT\《沧元图》（校对版全本）.txt","01、玄幻\《沧元图》（校对版全本）.txt","扁平化上移","单本去除同名文件夹，文件直接放入分类目录","4171383"
"01、玄幻\11、盘L\《盘龙》（精校版全本）.txt","01、玄幻\《盘龙》（精校版全本）.txt","扁平化上移","单本去除同名文件夹，文件直接放入分类目录","6188732"
"01、玄幻\12、不科学\《不科学御兽》（精校版全本）.txt","01、玄幻\《不科学御兽》（精校版全本）.txt","扁平化上移","单本去除同名文件夹，文件直接放入分类目录","8861090"
"01、玄幻\13、一世\《一世之尊》（精校版全本）.txt","01、玄幻\《一世之尊》（精校版全本）.txt","扁平化上移","单本去除同名文件夹，文件直接放入分类目录","9465871"
"01、玄幻\14、奥术\《奥术神座》（精校版全本+番外）.txt","01、玄幻\《奥术神座》（精校版全本+番外）.txt","扁平化上移","单本去除同名文件夹，文件直接放入分类目录","6688286"
"01、玄幻\15、人道\《人道至尊》（精校版全本）.txt","01、玄幻\《人道至尊》（精校版全本）.txt","扁平化上移","单本去除同名文件夹，文件直接放入分类目录","10353671"
"01、玄幻\16、武动\《武动乾坤》（精校版全本）.txt","01、玄幻\《武动乾坤》（精校版全本）.txt","扁平化上移","单本去除同名文件夹，文件直接放入分类目录","8254082"
"01、玄幻\17、武道zs\《武道宗师》（校对版全本）.txt","01、玄幻\《武道宗师》（校对版全本）.txt","扁平化上移","单本去除同名文件夹，文件直接放入分类目录","5425739"
"01、玄幻\18、长夜yh\《长夜余火》（校对版全本）.txt","01、玄幻\《长夜余火》（校对版全本）.txt","扁平化上移","单本去除同名文件夹，文件直接放入分类目录","6229566"
"01、玄幻\19、长生j\《长生界》（校对版全本）.txt","01、玄幻\《长生界》（校对版全本）.txt","扁平化上移","单本去除同名文件夹，文件直接放入分类目录","5973425"
"01、玄幻\20、大主z\《大主宰》（校对版全本）.txt","01、玄幻\《大主宰》（校对版全本）.txt","扁平化上移","单本去除同名文件夹，文件直接放入分类目录","10517409"
"01、玄幻\21、元z\《元尊》（校对版全本）.txt","01、玄幻\《元尊》（校对版全本）.txt","扁平化上移","单本去除同名文件夹，文件直接放入分类目录","8223110"
"01、玄幻\22、魔兽剑圣\《魔兽剑圣异界纵横》（校对版全本）.txt","01、玄幻\《魔兽剑圣异界纵横》（校对版全本）.txt","扁平化上移","单本去除同名文件夹，文件直接放入分类目录","4851170"
"01、玄幻\23、雪 鹰\《雪鹰领主》（校对版全本）.txt","01、玄幻\《雪鹰领主》（校对版全本）.txt","扁平化上移","单本去除同名文件夹，文件直接放入分类目录","7751056"
"01、玄幻\24、星 门\《星门》（校对版全本）.txt","01、玄幻\《星门》（校对版全本）.txt","扁平化上移","单本去除同名文件夹，文件直接放入分类目录","14352246"
"01、玄幻\25、间k\《间客》（精校版全本）.txt","01、玄幻\《间客》（精校版全本）.txt","扁平化上移","单本去除同名文件夹，文件直接放入分类目录","7065908"
"01、玄幻\26、将y\《将夜》（校对版全本）.txt","01、玄幻\《将夜》（校对版全本）.txt","扁平化上移","单本去除同名文件夹，文件直接放入分类目录","7990694"
"01、玄幻\26、星 河\《星河大帝》（校对版全本）.txt","01、玄幻\《星河大帝》（校对版全本）.txt","扁平化上移","单本去除同名文件夹，文件直接放入分类目录","7292576"
"01、玄幻\27、择tj\《择天记》（校对版全本）.txt","01、玄幻\《择天记》（校对版全本）.txt","扁平化上移","单本去除同名文件夹，文件直接放入分类目录","6728297"
"01、玄幻\28、大道\《大道朝天》（校对版全本）.txt","01、玄幻\《大道朝天》（校对版全本）.txt","扁平化上移","单本去除同名文件夹，文件直接放入分类目录","6575440"
"01、玄幻\29、朱雀\《朱雀记》（校对版全本）.txt","01、玄幻\《朱雀记》（校对版全本）.txt","扁平化上移","单本去除同名文件夹，文件直接放入分类目录","2942791"
"01、玄幻\30、临渊\《临渊行》（校对版全本）.txt","01、玄幻\《临渊行》（校对版全本）.txt","扁平化上移","单本去除同名文件夹，文件直接放入分类目录","7319259"
"01、玄幻\31、宿命zh\《宿命之环》（校对版全本）.txt","01、玄幻\《宿命之环》（校对版全本）.txt","扁平化上移","单本去除同名文件夹，文件直接放入分类目录","8080691"
"01、玄幻\32、神印wz\《神印王座》（校对版全本）.txt","01、玄幻\《神印王座》（校对版全本）.txt","扁平化上移","单本去除同名文件夹，文件直接放入分类目录","5356933"
"01、玄幻\33、天z变\《天珠变》（校对版全本）.txt","01、玄幻\《天珠变》（校对版全本）.txt","扁平化上移","单本去除同名文件夹，文件直接放入分类目录","5407849"
"01、玄幻\34、雪中hdx\《雪中悍刀行》（校对版全本）.txt","01、玄幻\《雪中悍刀行》（校对版全本）.txt","扁平化上移","单本去除同名文件夹，文件直接放入分类目录","9708029"
"01、玄幻\35、儒道zs\《儒道至圣》（校对版全本）.txt","01、玄幻\《儒道至圣》（校对版全本）.txt","扁平化上移","单本去除同名文件夹，文件直接放入分类目录","16510321"
"01、玄幻\36、乱s\《乱世书》（校对版全本）.txt","01、玄幻\《乱世书》（校对版全本）.txt","扁平化上移","单本去除同名文件夹，文件直接放入分类目录","9594271"
"01、玄幻\37、我的徒弟\《我的徒弟都是大反派》（校对版全本）.txt","01、玄幻\《我的徒弟都是大反派》（校对版全本）.txt","扁平化上移","单本去除同名文件夹，文件直接放入分类目录","10087039"
"01、玄幻\38、恶m法z\《恶魔法则》（校对版全本）.txt","01、玄幻\《恶魔法则》（校对版全本）.txt","扁平化上移","单本去除同名文件夹，文件直接放入分类目录","7448380"
"01、玄幻\39、N 侠\《女侠且慢》（校对版全本）.txt","01、玄幻\《女侠且慢》（校对版全本）.txt","扁平化上移","单本去除同名文件夹，文件直接放入分类目录","9735646"
"01、玄幻\40、全 职\《全职法师》.txt","01、玄幻\《全职法师》.txt","扁平化上移","单本去除同名文件夹，文件直接放入分类目录","22582887"
"01、玄幻\41、永 夜\《永夜君王》（校对版全本）.txt","01、玄幻\《永夜君王》（校对版全本）.txt","扁平化上移","单本去除同名文件夹，文件直接放入分类目录","10394255"
"01、玄幻\42、保 护\《保护我方族长》（校对版）.txt","01、玄幻\《保护我方族长》（校对版）.txt","扁平化上移","单本去除同名文件夹，文件直接放入分类目录","21398311"
"01、玄幻\43、神 话\《神话纪元，我进化成了恒星级巨兽》（校对版）.txt","01、玄幻\《神话纪元，我进化成了恒星级巨兽》（校对版）.txt","扁平化上移","单本去除同名文件夹，文件直接放入分类目录","11109132"
"01、玄幻\44、渊 T 尊\《渊天尊》（校对版）.txt","01、玄幻\《渊天尊》（校对版）.txt","扁平化上移","单本去除同名文件夹，文件直接放入分类目录","13970888"
"01、玄幻\45、武 炼\《武炼巅峰》（校对版全本）.txt","01、玄幻\《武炼巅峰》（校对版全本）.txt","扁平化上移","单本去除同名文件夹，文件直接放入分类目录","39245931"
"01、玄幻\46、最 强\《万古最强宗》（校对版全本）.txt","01、玄幻\《万古最强宗》（校对版全本）.txt","扁平化上移","单本去除同名文件夹，文件直接放入分类目录","10494563"
"01、玄幻\47、伏 天\《伏天氏》（校对版全本）.txt","01、玄幻\《伏天氏》（校对版全本）.txt","扁平化上移","单本去除同名文件夹，文件直接放入分类目录","18047426"
"01、玄幻\48、最 强 Z X\《史上最强赘婿》（校对版全本）.txt","01、玄幻\《史上最强赘婿》（校对版全本）.txt","扁平化上移","单本去除同名文件夹，文件直接放入分类目录","9988709"
"01、玄幻\49、顶 级 气 运\《顶级气运，悄悄修炼千年》（校对版全本）.txt","01、玄幻\《顶级气运，悄悄修炼千年》（校对版全本）.txt","扁平化上移","单本去除同名文件夹，文件直接放入分类目录","5614236"
"01、玄幻\50、武 极\《武极天下》（校对版全本）.txt","01、玄幻\《武极天下》（校对版全本）.txt","扁平化上移","单本去除同名文件夹，文件直接放入分类目录","14271838"
"01、玄幻\51、垂 钓\《垂钓之神》（校对版全本）.txt","01、玄幻\《垂钓之神》（校对版全本）.txt","扁平化上移","单本去除同名文件夹，文件直接放入分类目录","21756932"
"01、玄幻\52、异 世\《异世邪君》（校对版全本）.txt","01、玄幻\《异世邪君》（校对版全本）.txt","扁平化上移","单本去除同名文件夹，文件直接放入分类目录","8821113"
"01、玄幻\53、帝 霸\《帝霸》（校对版）.txt","01、玄幻\《帝霸》（校对版）.txt","扁平化上移","单本去除同名文件夹，文件直接放入分类目录","68969976"
"01、玄幻\54、我 有\《我有一剑》（校对版）.txt","01、玄幻\《我有一剑》（校对版）.txt","扁平化上移","单本去除同名文件夹，文件直接放入分类目录","12141237"
"01、玄幻\55、龙 F\《龙符》（校对版全本）.txt","01、玄幻\《龙符》（校对版全本）.txt","扁平化上移","单本去除同名文件夹，文件直接放入分类目录","7545255"
"01、玄幻\57、圣 w\《圣王》（校对版全本）.txt","01、玄幻\《圣王》（校对版全本）.txt","扁平化上移","单本去除同名文件夹，文件直接放入分类目录","10656509"
"01、玄幻\58、剑 道\《剑道第一仙》（校对版）.txt","01、玄幻\《剑道第一仙》（校对版）.txt","扁平化上移","单本去除同名文件夹，文件直接放入分类目录","25274654"
"01、玄幻\59、巫 x x 界\《巫师世界》（精校版全本）.txt","01、玄幻\《巫师世界》（精校版全本）.txt","扁平化上移","单本去除同名文件夹，文件直接放入分类目录","4459631"
"01、玄幻\60、永 恒\《永恒剑主》（校对版全本）.txt","01、玄幻\《永恒剑主》（校对版全本）.txt","扁平化上移","单本去除同名文件夹，文件直接放入分类目录","6918101"
"01、玄幻\61、召 唤\《召唤梦魇》（校对版全本）.txt","01、玄幻\《召唤梦魇》（校对版全本）.txt","扁平化上移","单本去除同名文件夹，文件直接放入分类目录","4570041"
"01、玄幻\62、万 千\《万千之心》（校对版全本）.txt","01、玄幻\《万千之心》（校对版全本）.txt","扁平化上移","单本去除同名文件夹，文件直接放入分类目录","3602394"
"01、玄幻\63、十 方\《十方武圣》（校对版全本）.txt","01、玄幻\《十方武圣》（校对版全本）.txt","扁平化上移","单本去除同名文件夹，文件直接放入分类目录","6534456"
"01、玄幻\64、修 行\《我的属性修行人生》（校对版）.txt","01、玄幻\《我的属性修行人生》（校对版）.txt","扁平化上移","单本去除同名文件夹，文件直接放入分类目录","5437091"
"01、玄幻\65、太 古\《太古神王》（校对版全本）.txt","01、玄幻\《太古神王》（校对版全本）.txt","扁平化上移","单本去除同名文件夹，文件直接放入分类目录","13333337"
"01、玄幻\66、绝 世\《绝世武神》（校对版全本）.txt","01、玄幻\《绝世武神》（校对版全本）.txt","扁平化上移","单本去除同名文件夹，文件直接放入分类目录","14606063"
"01、玄幻\67、太 平\《太平令》（校对版）.txt","01、玄幻\《太平令》（校对版）.txt","扁平化上移","单本去除同名文件夹，文件直接放入分类目录","10584840"
"01、玄幻\68、图 书 馆\《天道图书馆》（校对版全本）.txt","01、玄幻\《天道图书馆》（校对版全本）.txt","扁平化上移","单本去除同名文件夹，文件直接放入分类目录","13866425"
"01、玄幻\69、牧 龙 师\《牧龙师》（校对版全本）.txt","01、玄幻\《牧龙师》（校对版全本）.txt","扁平化上移","单本去除同名文件夹，文件直接放入分类目录","7695039"
"01、玄幻\70、明 日\《明日之劫》（校对版全本）.txt","01、玄幻\《明日之劫》（校对版全本）.txt","扁平化上移","单本去除同名文件夹，文件直接放入分类目录","5792715"
"01、玄幻\71、超 神\《超级神基因》（校对版全本）.txt","01、玄幻\《超级神基因》（校对版全本）.txt","扁平化上移","单本去除同名文件夹，文件直接放入分类目录","15526068"
"01、玄幻\72、禁 区\《神话禁区》（校对版全本）.txt","01、玄幻\《神话禁区》（校对版全本）.txt","扁平化上移","单本去除同名文件夹，文件直接放入分类目录","4364067"
"01、玄幻\73、天 阿\《天阿降临》（校对版）.txt","01、玄幻\《天阿降临》（校对版）.txt","扁平化上移","单本去除同名文件夹，文件直接放入分类目录","11174022"
"01、玄幻\74、逆 天\《逆天邪神》（校对版）.txt","01、玄幻\《逆天邪神》（校对版）.txt","扁平化上移","单本去除同名文件夹，文件直接放入分类目录","22989277"
"01、玄幻\75、傲 世\《傲世九重天》（精校版全本）.txt","01、玄幻\《傲世九重天》（精校版全本）.txt","扁平化上移","单本去除同名文件夹，文件直接放入分类目录","17893799"
"01、玄幻\76、凌 天\《凌天传说》（校对版全本）.txt","01、玄幻\《凌天传说》（校对版全本）.txt","扁平化上移","单本去除同名文件夹，文件直接放入分类目录","4984079"
"01、玄幻\77、至 尊\《我是至尊》（校对版全本）.txt","01、玄幻\《我是至尊》（校对版全本）.txt","扁平化上移","单本去除同名文件夹，文件直接放入分类目录","9907038"
"01、玄幻\78、苍 穹\《天域苍穹》（校对版全本）.txt","01、玄幻\《天域苍穹》（校对版全本）.txt","扁平化上移","单本去除同名文件夹，文件直接放入分类目录","10823358"
"01、玄幻\79、左 道\《御道倾天》（校对版全本）.txt","01、玄幻\《御道倾天》（校对版全本）.txt","扁平化上移","单本去除同名文件夹，文件直接放入分类目录","10483685"
"01、玄幻\80、小 师 叔\《有请小师叔》（校对版全本）.txt","01、玄幻\《有请小师叔》（校对版全本）.txt","扁平化上移","单本去除同名文件夹，文件直接放入分类目录","3600299"
"01、玄幻\81、原 始\《原始战记》（校对版全本）.txt","01、玄幻\《原始战记》（校对版全本）.txt","扁平化上移","单本去除同名文件夹，文件直接放入分类目录","5399038"
"01、玄幻\82、罪 恶\《罪恶之城》（校对版全本）.txt","01、玄幻\《罪恶之城》（校对版全本）.txt","扁平化上移","单本去除同名文件夹，文件直接放入分类目录","8876595"
"01、玄幻\83、史 上\《史上最强师兄》（校对版全本）.txt","01、玄幻\《史上最强师兄》（校对版全本）.txt","扁平化上移","单本去除同名文件夹，文件直接放入分类目录","8445912"
"01、玄幻\84、别 秀\《公子别秀》（校对版全本）.txt","01、玄幻\《公子别秀》（校对版全本）.txt","扁平化上移","单本去除同名文件夹，文件直接放入分类目录","3260160"
"01、玄幻\85、史 上\《史上第一祖师爷》（校对版）.txt","01、玄幻\《史上第一祖师爷》（校对版）.txt","扁平化上移","单本去除同名文件夹，文件直接放入分类目录","9790407"
"01、玄幻\86、魔 皇\《我夺舍了魔皇》（校对版）.txt","01、玄幻\《我夺舍了魔皇》（校对版）.txt","扁平化上移","单本去除同名文件夹，文件直接放入分类目录","4864191"
"01、玄幻\87、天 师\《从天师府开始》（校对版）.txt","01、玄幻\《从天师府开始》（校对版）.txt","扁平化上移","单本去除同名文件夹，文件直接放入分类目录","11681411"
"01、玄幻\88、万 古\《万古神帝》（校对版全本）.epub","01、玄幻\《万古神帝》（校对版全本）.epub","扁平化上移","单本去除同名文件夹，文件直接放入分类目录","23953801"
"01、玄幻\89、金 丹\《金丹是恒星，你管这叫修仙？》（校对版）.txt","01、玄幻\《金丹是恒星，你管这叫修仙？》（校对版）.txt","扁平化上移","单本去除同名文件夹，文件直接放入分类目录","9040608"
"01、玄幻\90、乌 托 邦\《故障乌托邦》（校对版）.txt","01、玄幻\《故障乌托邦》（校对版）.txt","扁平化上移","单本去除同名文件夹，文件直接放入分类目录","4317664"
"01、玄幻\91、人H纪\《人皇纪》（校对版全本）.txt","01、玄幻\《人皇纪》（校对版全本）.txt","扁平化上移","单本去除同名文件夹，文件直接放入分类目录","16492110"
"01、玄幻\92、魔 神\《魔神乐园》（校对版全本）.txt","01、玄幻\《魔神乐园》（校对版全本）.txt","扁平化上移","单本去除同名文件夹，文件直接放入分类目录","5543010"
"01、玄幻\93、普 罗\《普罗之主》（精校版）.txt","01、玄幻\《普罗之主》（精校版）.txt","扁平化上移","单本去除同名文件夹，文件直接放入分类目录","14670799"
"02、仙侠\01、FRXXZ\《凡人修仙之仙界篇》（校对版全本）.txt","02、仙侠\《凡人修仙之仙界篇》（校对版全本）.txt","扁平化上移","单本去除同名文件夹，文件直接放入分类目录","9331772"
"02、仙侠\01、FRXXZ\《凡人修仙传》（校对版全本+番外）.txt","02、仙侠\《凡人修仙传》（校对版全本+番外）.txt","扁平化上移","单本去除同名文件夹，文件直接放入分类目录","15224548"
"02、仙侠\02、大奉打更人\《大奉打更人》（校对版）.txt","02、仙侠\《大奉打更人》（校对版）.txt","扁平化上移","单本去除同名文件夹，文件直接放入分类目录","8380410"
"02、仙侠\03、我师兄实在太稳健了\《我师兄实在太稳健了》（校对版全本）.txt","02、仙侠\《我师兄实在太稳健了》（校对版全本）.txt","扁平化上移","单本去除同名文件夹，文件直接放入分类目录","8047351"
"02、仙侠\04、仙逆\《仙逆》（校对版全本）.txt","02、仙侠\《仙逆》（校对版全本）.txt","扁平化上移","单本去除同名文件夹，文件直接放入分类目录","13674546"
"02、仙侠\05、一念永恒\《一念永恒》（校对版全本）.txt","02、仙侠\《一念永恒》（校对版全本）.txt","扁平化上移","单本去除同名文件夹，文件直接放入分类目录","7774272"
"02、仙侠\06、神秘复苏\《神秘复苏》（精校版全本）.txt","02、仙侠\《神秘复苏》（精校版全本）.txt","扁平化上移","单本去除同名文件夹，文件直接放入分类目录","11602098"
"02、仙侠\07、飞剑\《飞剑问道》（校对版全本）.txt","02、仙侠\《飞剑问道》（校对版全本）.txt","扁平化上移","单本去除同名文件夹，文件直接放入分类目录","4358664"
"02、仙侠\08、玄界zm\《玄界之门》（精校版全本）.txt","02、仙侠\《玄界之门》（精校版全本）.txt","扁平化上移","单本去除同名文件夹，文件直接放入分类目录","7024960"
"02、仙侠\09、魔tj\《魔天记》（精校版全本）.txt","02、仙侠\《魔天记》（精校版全本）.txt","扁平化上移","单本去除同名文件夹，文件直接放入分类目录","10455267"
"02、仙侠\10、灭世TL\《灭运图录》（精校版全本）.txt","02、仙侠\《灭运图录》（精校版全本）.txt","扁平化上移","单本去除同名文件夹，文件直接放入分类目录","5966571"
"02、仙侠\11、q魔\《求魔》（校对版全本）.txt","02、仙侠\《求魔》（校对版全本）.txt","扁平化上移","单本去除同名文件夹，文件直接放入分类目录","9519341"
"02、仙侠\12、我欲ft\《我欲封天》（校对版全本）.txt","02、仙侠\《我欲封天》（校对版全本）.txt","扁平化上移","单本去除同名文件夹，文件直接放入分类目录","10384405"
"02、仙侠\13、三寸rj\《三寸人间》（校对版全本）.txt","02、仙侠\《三寸人间》（校对版全本）.txt","扁平化上移","单本去除同名文件夹，文件直接放入分类目录","8003839"
"02、仙侠\14、莽荒j\《莽荒纪》（校对版全本）.txt","02、仙侠\《莽荒纪》（校对版全本）.txt","扁平化上移","单本去除同名文件夹，文件直接放入分类目录","9078724"
"02、仙侠\15、星辰\《星辰变》（校对版全本）.txt","02、仙侠\《星辰变》（校对版全本）.txt","扁平化上移","单本去除同名文件夹，文件直接放入分类目录","5548542"
"02、仙侠\16、寸芒\《寸芒》（校对版全本）.txt","02、仙侠\《寸芒》（校对版全本）.txt","扁平化上移","单本去除同名文件夹，文件直接放入分类目录","3752259"
"02、仙侠\17、星峰\《星峰传说》（校对版全本）.txt","02、仙侠\《星峰传说》（校对版全本）.txt","扁平化上移","单本去除同名文件夹，文件直接放入分类目录","2988483"
"02、仙侠\18、大梦z\《大梦主》（校对版全本）.txt","02、仙侠\《大梦主》（校对版全本）.txt","扁平化上移","单本去除同名文件夹，文件直接放入分类目录","9407188"
"02、仙侠\19、dz\《帝尊》（校对版全本+番外）.txt","02、仙侠\《帝尊》（校对版全本+番外）.txt","扁平化上移","单本去除同名文件夹，文件直接放入分类目录","11468343"
"02、仙侠\20、剑L\《剑来》（精校版全本）.txt","02、仙侠\《剑来》（精校版全本）.txt","扁平化上移","单本去除同名文件夹，文件直接放入分类目录","39779803"
"02、仙侠\21、极道\《极道天魔》（校对版全本）.txt","02、仙侠\《极道天魔》（校对版全本）.txt","扁平化上移","单本去除同名文件夹，文件直接放入分类目录","8516214"
"02、仙侠\22、诛仙\《诛仙》（校对版全本）.txt","02、仙侠\《诛仙》（校对版全本）.txt","扁平化上移","单本去除同名文件夹，文件直接放入分类目录","3206473"
"02、仙侠\23、大道\《大道争锋》（校对版全本）.txt","02、仙侠\《大道争锋》（校对版全本）.txt","扁平化上移","单本去除同名文件夹，文件直接放入分类目录","15953570"
"02、仙侠\24、问道\《问道红尘(仙子请自重)》（校对版全本）.txt","02、仙侠\《问道红尘(仙子请自重)》（校对版全本）.txt","扁平化上移","单本去除同名文件夹，文件直接放入分类目录","6310199"
"02、仙侠\25、这是\《这是我的星球》（校对版全本）.txt","02、仙侠\《这是我的星球》（校对版全本）.txt","扁平化上移","单本去除同名文件夹，文件直接放入分类目录","3550155"
"02、仙侠\26、请G子Z妖\《请公子斩妖》（校对版全本）.txt","02、仙侠\《请公子斩妖》（校对版全本）.txt","扁平化上移","单本去除同名文件夹，文件直接放入分类目录","8260303"
"02、仙侠\27、烂K棋Y\《烂柯棋缘》（校对版全本）.txt","02、仙侠\《烂柯棋缘》（校对版全本）.txt","扁平化上移","单本去除同名文件夹，文件直接放入分类目录","6806074"
"02、仙侠\28、大w读s人\《大魏读书人》（校对版全本）.txt","02、仙侠\《大魏读书人》（校对版全本）.txt","扁平化上移","单本去除同名文件夹，文件直接放入分类目录","5442343"
"02、仙侠\29、道 君\《道君》（校对版全本）.txt","02、仙侠\《道君》（校对版全本）.txt","扁平化上移","单本去除同名文件夹，文件直接放入分类目录","10721342"
"02、仙侠\30、大 乘\《大乘期才有逆袭系统》.txt","02、仙侠\《大乘期才有逆袭系统》.txt","扁平化上移","单本去除同名文件夹，文件直接放入分类目录","3578815"
"02、仙侠\31、择 日\《择日飞升》（校对版全本）.txt","02、仙侠\《择日飞升》（校对版全本）.txt","扁平化上移","单本去除同名文件夹，文件直接放入分类目录","13574158"
"02、仙侠\32、苟 在\《苟在妖武乱世修仙》（校对版）.txt","02、仙侠\《苟在妖武乱世修仙》（校对版）.txt","扁平化上移","单本去除同名文件夹，文件直接放入分类目录","11698096"
"02、仙侠\33、这 个\《这个人仙太过正经》（校对版）.txt","02、仙侠\《这个人仙太过正经》（校对版）.txt","扁平化上移","单本去除同名文件夹，文件直接放入分类目录","6127108"
"02、仙侠\34、神 话 D 皇\《最强神话帝皇》（校对版全本）.txt","02、仙侠\《最强神话帝皇》（校对版全本）.txt","扁平化上移","单本去除同名文件夹，文件直接放入分类目录","8670768"
"02、仙侠\35、造 化\《造化之门》（校对版全本）.txt","02、仙侠\《造化之门》（校对版全本）.txt","扁平化上移","单本去除同名文件夹，文件直接放入分类目录","9939644"
"02、仙侠\36、黑 山\《黑山老妖》（校对版全本）.txt","02、仙侠\《黑山老妖》（校对版全本）.txt","扁平化上移","单本去除同名文件夹，文件直接放入分类目录","2543669"
"02、仙侠\37、阳 S\《阳神》（校对版全本）.txt","02、仙侠\《阳神》（校对版全本）.txt","扁平化上移","单本去除同名文件夹，文件直接放入分类目录","6086405"
"02、仙侠\38、佛 本\《佛本是道》（校对版全本）.txt","02、仙侠\《佛本是道》（校对版全本）.txt","扁平化上移","单本去除同名文件夹，文件直接放入分类目录","4009069"
"02、仙侠\39、弃 宇\《弃宇宙》（校对版全本）.txt","02、仙侠\《弃宇宙》（校对版全本）.txt","扁平化上移","单本去除同名文件夹，文件直接放入分类目录","8674401"
"02、仙侠\40、不 朽\《不朽凡人》（校对版全本）.txt","02、仙侠\《不朽凡人》（校对版全本）.txt","扁平化上移","单本去除同名文件夹，文件直接放入分类目录","7726811"
"02、仙侠\41、第 九\《天下第九》（校对版全本）.txt","02、仙侠\《天下第九》（校对版全本）.txt","扁平化上移","单本去除同名文件夹，文件直接放入分类目录","7570414"
"02、仙侠\42、聊 z\《聊斋大圣人》（校对版全本）.txt","02、仙侠\《聊斋大圣人》（校对版全本）.txt","扁平化上移","单本去除同名文件夹，文件直接放入分类目录","5196137"
"02、仙侠\43、独 步\《独步天下》（校对版全本）.txt","02、仙侠\《独步天下》（校对版全本）.txt","扁平化上移","单本去除同名文件夹，文件直接放入分类目录","7036713"
"02、仙侠\44、玄 浑\《玄浑道章》（校对版）.txt","02、仙侠\《玄浑道章》（校对版）.txt","扁平化上移","单本去除同名文件夹，文件直接放入分类目录","22787016"
"02、仙侠\44、白 首\《白首妖师》（校对版全本）.txt","02、仙侠\《白首妖师》（校对版全本）.txt","扁平化上移","单本去除同名文件夹，文件直接放入分类目录","3302798"
"02、仙侠\45、地 球\《地球第一剑》（校对版全本）.txt","02、仙侠\《地球第一剑》（校对版全本）.txt","扁平化上移","单本去除同名文件夹，文件直接放入分类目录","5771575"
"02、仙侠\46、大 佬\《天庭最后一个大佬》（校对版）.txt","02、仙侠\《天庭最后一个大佬》（校对版）.txt","扁平化上移","单本去除同名文件夹，文件直接放入分类目录","2828808"
"02、仙侠\47、仙 F\《仙父》（校对版）.txt","02、仙侠\《仙父》（校对版）.txt","扁平化上移","单本去除同名文件夹，文件直接放入分类目录","6785957"
"02、仙侠\48、剑 神\《我不可能是剑神》（校对版全本）.txt","02、仙侠\《我不可能是剑神》（校对版全本）.txt","扁平化上移","单本去除同名文件夹，文件直接放入分类目录","3600923"
"02、仙侠\49、大 苍\《大苍守夜人》（校对版全本）.txt","02、仙侠\《大苍守夜人》（校对版全本）.txt","扁平化上移","单本去除同名文件夹，文件直接放入分类目录","13281760"
"02、仙侠\50、从 前\《从前有座灵剑山》（精校版全本）.txt","02、仙侠\《从前有座灵剑山》（精校版全本）.txt","扁平化上移","单本去除同名文件夹，文件直接放入分类目录","6102747"
"02、仙侠\51、仙 H\《仙葫》（校对版全本）.txt","02、仙侠\《仙葫》（校对版全本）.txt","扁平化上移","单本去除同名文件夹，文件直接放入分类目录","5244377"
"02、仙侠\52、苟 在\《苟在女魔头身边偷偷修炼》（校对版）.txt","02、仙侠\《苟在女魔头身边偷偷修炼》（校对版）.txt","扁平化上移","单本去除同名文件夹，文件直接放入分类目录","15001731"
"02、仙侠\53、道 门\《道门法则》（校对版全本）.txt","02、仙侠\《道门法则》（校对版全本）.txt","扁平化上移","单本去除同名文件夹，文件直接放入分类目录","7871367"
"02、仙侠\54、大 数 据\《大数据修仙》（校对版全本）.txt","02、仙侠\《大数据修仙》（校对版全本）.txt","扁平化上移","单本去除同名文件夹，文件直接放入分类目录","22130115"
"02、仙侠\55、修 仙\《当你把事情做到极致》（校对版）.txt","02、仙侠\《当你把事情做到极致》（校对版）.txt","扁平化上移","单本去除同名文件夹，文件直接放入分类目录","8831878"
"02、仙侠\56、谁 让\《谁让他修仙的！》（校对版）.txt","02、仙侠\《谁让他修仙的！》（校对版）.txt","扁平化上移","单本去除同名文件夹，文件直接放入分类目录","6387163"
"02、仙侠\57、我 的\《我每月能刷新金手指》（校对版）.txt","02、仙侠\《我每月能刷新金手指》（校对版）.txt","扁平化上移","单本去除同名文件夹，文件直接放入分类目录","16495635"
"02、仙侠\58、剑 徒\《剑徒之路》（校对版全本）.txt","02、仙侠\《剑徒之路》（校对版全本）.txt","扁平化上移","单本去除同名文件夹，文件直接放入分类目录","10419459"
"02、仙侠\59、前 任\《前任无双》（校对版全本）.txt","02、仙侠\《前任无双》（校对版全本）.txt","扁平化上移","单本去除同名文件夹，文件直接放入分类目录","5167011"
"02、仙侠\60、飞 天\《飞天》（校对版全本）.txt","02、仙侠\《飞天》（校对版全本）.txt","扁平化上移","单本去除同名文件夹，文件直接放入分类目录","14786246"
"02、仙侠\61、半 仙\《半仙》（校对版）.txt","02、仙侠\《半仙》（校对版）.txt","扁平化上移","单本去除同名文件夹，文件直接放入分类目录","12404721"
"02、仙侠\62、仙 者\《仙者》（校对版）.txt","02、仙侠\《仙者》（校对版）.txt","扁平化上移","单本去除同名文件夹，文件直接放入分类目录","7234933"
"02、仙侠\63、霸 武\《霸武》（校对版）.txt","02、仙侠\《霸武》（校对版）.txt","扁平化上移","单本去除同名文件夹，文件直接放入分类目录","12713825"
"02、仙侠\64、文 圣\《大夏文圣》（校对版）.txt","02、仙侠\《大夏文圣》（校对版）.txt","扁平化上移","单本去除同名文件夹，文件直接放入分类目录","6138657"
"02、仙侠\65、丹 仙\《一品丹仙》（校对版）.txt","02、仙侠\《一品丹仙》（校对版）.txt","扁平化上移","单本去除同名文件夹，文件直接放入分类目录","5074552"
"02、仙侠\66、闲 书\《我用闲书成圣人》（校对版）.txt","02、仙侠\《我用闲书成圣人》（校对版）.txt","扁平化上移","单本去除同名文件夹，文件直接放入分类目录","9189600"
"02、仙侠\67、修 仙\《修仙就是这样子的》（校对版）.txt","02、仙侠\《修仙就是这样子的》（校对版）.txt","扁平化上移","单本去除同名文件夹，文件直接放入分类目录","8271958"
"02、仙侠\68、大 周\《大周不良人》（校对版）.txt","02、仙侠\《大周不良人》（校对版）.txt","扁平化上移","单本去除同名文件夹，文件直接放入分类目录","34357447"
"02、仙侠\69、妖 女\《妖女请留步》（校对全本）.txt","02、仙侠\《妖女请留步》（校对全本）.txt","扁平化上移","单本去除同名文件夹，文件直接放入分类目录","12027807"
"02、仙侠\70、仙 人\《仙人只想躺着》（校对版）.txt","02、仙侠\《仙人只想躺着》（校对版）.txt","扁平化上移","单本去除同名文件夹，文件直接放入分类目录","8037560"
"02、仙侠\71、长 生 仙\《我为长生仙》（校对版）.epub","02、仙侠\《我为长生仙》（校对版）.epub","扁平化上移","单本去除同名文件夹，文件直接放入分类目录","7740051"
"02、仙侠\72、望 长 天\《望长天》（校对版）.txt","02、仙侠\《望长天》（校对版）.txt","扁平化上移","单本去除同名文件夹，文件直接放入分类目录","5964493"
"02、仙侠\73、反 套 路\《最强反套路系统》（校对版全本）.txt","02、仙侠\《最强反套路系统》（校对版全本）.txt","扁平化上移","单本去除同名文件夹，文件直接放入分类目录","9831210"
"02、仙侠\74、仙 吏\《大周仙吏》（校对版全本）.txt","02、仙侠\《大周仙吏》（校对版全本）.txt","扁平化上移","单本去除同名文件夹，文件直接放入分类目录","4398481"
"02、仙侠\75、大 劫 主\《大劫主》（校对版全本）.txt","02、仙侠\《大劫主》（校对版全本）.txt","扁平化上移","单本去除同名文件夹，文件直接放入分类目录","6877782"
"02、仙侠\76、百 炼\《百炼成仙》（校对版全本）.txt","02、仙侠\《百炼成仙》（校对版全本）.txt","扁平化上移","单本去除同名文件夹，文件直接放入分类目录","20894345"
"02、仙侠\77、掠 天\《掠天记》（校对版全本）.txt","02、仙侠\《掠天记》（校对版全本）.txt","扁平化上移","单本去除同名文件夹，文件直接放入分类目录","11916731"
"03、都市\01、夜的\《夜的命名术》（校对版全本）.txt","03、都市\《夜的命名术》（校对版全本）.txt","扁平化上移","单本去除同名文件夹，文件直接放入分类目录","7252606"
"03、都市\02、深空\《深空彼岸》（校对版全本）.txt","03、都市\《深空彼岸》（校对版全本）.txt","扁平化上移","单本去除同名文件夹，文件直接放入分类目录","11758255"
"03、都市\03、修真\《修真聊天群》（校对版全本）.txt","03、都市\《修真聊天群》（校对版全本）.txt","扁平化上移","单本去除同名文件夹，文件直接放入分类目录","18534986"
"03、都市\04、我真\《我真没想重生啊》（校对版全本）.txt","03、都市\《我真没想重生啊》（校对版全本）.txt","扁平化上移","单本去除同名文件夹，文件直接放入分类目录","6609777"
"03、都市\05、大王\《大王饶命》（精校版全本）.txt","03、都市\《大王饶命》（精校版全本）.txt","扁平化上移","单本去除同名文件夹，文件直接放入分类目录","5925628"
"03、都市\06、第一\《第一序列》（精校版全本）.txt","03、都市\《第一序列》（精校版全本）.txt","扁平化上移","单本去除同名文件夹，文件直接放入分类目录","6176452"
"03、都市\07、重生\《重生之财源滚滚》（校对版全本）.txt","03、都市\《重生之财源滚滚》（校对版全本）.txt","扁平化上移","单本去除同名文件夹，文件直接放入分类目录","14728916"
"03、都市\08、我是\《我是大玩家》（校对版全本）.txt","03、都市\《我是大玩家》（校对版全本）.txt","扁平化上移","单本去除同名文件夹，文件直接放入分类目录","3250434"
"03、都市\09、俗人hd\《俗人回档》（校对版全本）.txt","03、都市\《俗人回档》（校对版全本）.txt","扁平化上移","单本去除同名文件夹，文件直接放入分类目录","9178439"
"03、都市\10、文艺sd\《文艺时代》（精校版全本）.txt","03、都市\《文艺时代》（精校版全本）.txt","扁平化上移","单本去除同名文件夹，文件直接放入分类目录","5695684"
"03、都市\11、我的nysen\《我的女友是恶女》（校对版全本）.txt","03、都市\《我的女友是恶女》（校对版全本）.txt","扁平化上移","单本去除同名文件夹，文件直接放入分类目录","3695786"
"03、都市\12、女主\《女主从书里跑出来了怎么办》（校对版全本）.txt","03、都市\《女主从书里跑出来了怎么办》（校对版全本）.txt","扁平化上移","单本去除同名文件夹，文件直接放入分类目录","3136247"
"03、都市\13、韩y\《韩娱之光影交错》（校对版全本）.txt","03、都市\《韩娱之光影交错》（校对版全本）.txt","扁平化上移","单本去除同名文件夹，文件直接放入分类目录","3525478"
"03、都市\14、天w\《天王》（校对版全本）.txt","03、都市\《天王》（校对版全本）.txt","扁平化上移","单本去除同名文件夹，文件直接放入分类目录","3157256"
"03、都市\15、全z艺s家\《全职艺术家》（校对版全本）.txt","03、都市\《全职艺术家》（校对版全本）.txt","扁平化上移","单本去除同名文件夹，文件直接放入分类目录","8250988"
"03、都市\16、奶爸de文艺rs\《奶爸的文艺人生》（校对版全本）.txt","03、都市\《奶爸的文艺人生》（校对版全本）.txt","扁平化上移","单本去除同名文件夹，文件直接放入分类目录","6709471"
"03、都市\17、这个\《这个明星来自地球》（校对版全本）.txt","03、都市\《这个明星来自地球》（校对版全本）.txt","扁平化上移","单本去除同名文件夹，文件直接放入分类目录","5843386"
"03、都市\18、w娱\《文娱教父》（校对版全本）.txt","03、都市\《文娱教父》（校对版全本）.txt","扁平化上移","单本去除同名文件夹，文件直接放入分类目录","4982235"
"03、都市\19、w娱w岁\《文娱万岁》（校对版全本）.txt","03、都市\《文娱万岁》（校对版全本）.txt","扁平化上移","单本去除同名文件夹，文件直接放入分类目录","4421634"
"03、都市\20、wydg\《文娱帝国》（校对版全本）.txt","03、都市\《文娱帝国》（校对版全本）.txt","扁平化上移","单本去除同名文件夹，文件直接放入分类目录","4375292"
"03、都市\21、兼z艺s家\《兼职艺术家》（校对版全本）.txt","03、都市\《兼职艺术家》（校对版全本）.txt","扁平化上移","单本去除同名文件夹，文件直接放入分类目录","6735225"
"03、都市\22、异兽\《异兽迷城》（校对版全本）.txt","03、都市\《异兽迷城》（校对版全本）.txt","扁平化上移","单本去除同名文件夹，文件直接放入分类目录","8962899"
"03、都市\23、信息\《信息全知者》（校对版全本）.txt","03、都市\《信息全知者》（校对版全本）.txt","扁平化上移","单本去除同名文件夹，文件直接放入分类目录","9074571"
"03、都市\24、逼 我\《逼我重生是吧》（校对版全本）.txt","03、都市\《逼我重生是吧》（校对版全本）.txt","扁平化上移","单本去除同名文件夹，文件直接放入分类目录","7972335"
"03、都市\25、都重s了\《都重生了谁谈恋爱啊》（校对版全本）.txt","03、都市\《都重生了谁谈恋爱啊》（校对版全本）.txt","扁平化上移","单本去除同名文件夹，文件直接放入分类目录","5094818"
"03、都市\26、明 克\《明克街13号》.txt","03、都市\《明克街13号》.txt","扁平化上移","单本去除同名文件夹，文件直接放入分类目录","12146139"
"03、都市\27、隐 s\《隐杀》（校对版全本）.txt","03、都市\《隐杀》（校对版全本）.txt","扁平化上移","单本去除同名文件夹，文件直接放入分类目录","3974353"
"03、都市\28、美 食\《美食供应商》（校对版全本）.txt","03、都市\《美食供应商》（校对版全本）.txt","扁平化上移","单本去除同名文件夹，文件直接放入分类目录","13020806"
"03、都市\29、冲 浪\《重生之我要冲浪》（校对版）.txt","03、都市\《重生之我要冲浪》（校对版）.txt","扁平化上移","单本去除同名文件夹，文件直接放入分类目录","8145012"
"03、都市\30、点 到\《点道为止》（校对版全本）.txt","03、都市\《点道为止》（校对版全本）.txt","扁平化上移","单本去除同名文件夹，文件直接放入分类目录","6359933"
"03、都市\31、心 跳\《心跳引擎》（原版）.txt","03、都市\《心跳引擎》（原版）.txt","扁平化上移","单本去除同名文件夹，文件直接放入分类目录","8548095"
"03、都市\32、弃 少\《最强弃少》（校对版全本）.txt","03、都市\《最强弃少》（校对版全本）.txt","扁平化上移","单本去除同名文件夹，文件直接放入分类目录","14632351"
"03、都市\33、疯 子\《纨绔疯子》（校对版全本）.txt","03、都市\《纨绔疯子》（校对版全本）.txt","扁平化上移","单本去除同名文件夹，文件直接放入分类目录","3248378"
"03、都市\34、修 s\《全职修神》（校对版全本）.txt","03、都市\《全职修神》（校对版全本）.txt","扁平化上移","单本去除同名文件夹，文件直接放入分类目录","4670542"
"03、都市\35、御 兽\《御兽之王》（校对版全本）.txt","03、都市\《御兽之王》（校对版全本）.txt","扁平化上移","单本去除同名文件夹，文件直接放入分类目录","7118936"
"03、都市\36、镇 妖 关\《从前有座镇妖关》（校对版）.txt","03、都市\《从前有座镇妖关》（校对版）.txt","扁平化上移","单本去除同名文件夹，文件直接放入分类目录","6766018"
"03、都市\37、养成\《养成系男神：听劝后，我成了顶流》（校对版）.txt","03、都市\《养成系男神：听劝后，我成了顶流》（校对版）.txt","扁平化上移","单本去除同名文件夹，文件直接放入分类目录","4782635"
"03、都市\38、手 术\《手术直播间》（校对版全本）.txt","03、都市\《手术直播间》（校对版全本）.txt","扁平化上移","单本去除同名文件夹，文件直接放入分类目录","13689212"
"03、都市\39、1993\《重生大时代之1993》（校对版）.txt","03、都市\《重生大时代之1993》（校对版）.txt","扁平化上移","单本去除同名文件夹，文件直接放入分类目录","7473186"
"03、都市\40、流 年\《似水流年》（校对版全本）.txt","03、都市\《似水流年》（校对版全本）.txt","扁平化上移","单本去除同名文件夹，文件直接放入分类目录","8534395"
"03、都市\41、逆 流\《逆流纯真年代》（校对版）.txt","03、都市\《逆流纯真年代》（校对版）.txt","扁平化上移","单本去除同名文件夹，文件直接放入分类目录","4751762"
"03、都市\42、穹 顶\《穹顶之上》（校对版）.txt","03、都市\《穹顶之上》（校对版）.txt","扁平化上移","单本去除同名文件夹，文件直接放入分类目录","8445348"
"03、都市\43、半 岛\《半岛检察官》（校对版）.txt","03、都市\《半岛检察官》（校对版）.txt","扁平化上移","单本去除同名文件夹，文件直接放入分类目录","4483601"
"03、都市\44、我 的\《我的姐姐是大明星》（校对版）.txt","03、都市\《我的姐姐是大明星》（校对版）.txt","扁平化上移","单本去除同名文件夹，文件直接放入分类目录","4776017"
"03、都市\45、学 霸\《神级学霸》（校对版全本）.txt","03、都市\《神级学霸》（校对版全本）.txt","扁平化上移","单本去除同名文件夹，文件直接放入分类目录","9440168"
"03、都市\46、超 级\《超级能源强国》（精校版）.txt","03、都市\《超级能源强国》（精校版）.txt","扁平化上移","单本去除同名文件夹，文件直接放入分类目录","4567250"
"03、都市\47、大 医\《大医凌然》（校对版全本）.txt","03、都市\《大医凌然》（校对版全本）.txt","扁平化上移","单本去除同名文件夹，文件直接放入分类目录","7532766"
"03、都市\48、陈 二\《陈二狗的妖孽人生》（校对版）.txt","03、都市\《陈二狗的妖孽人生》（校对版）.txt","扁平化上移","单本去除同名文件夹，文件直接放入分类目录","2306157"
"03、都市\49、顾 道\《顾道长生》（校对版全本）.txt","03、都市\《顾道长生》（校对版全本）.txt","扁平化上移","单本去除同名文件夹，文件直接放入分类目录","5115833"
"03、都市\50、稳 住\《稳住别浪》（校对版）.txt","03、都市\《稳住别浪》（校对版）.txt","扁平化上移","单本去除同名文件夹，文件直接放入分类目录","11673295"
"03、都市\51、回 到\《回到过去变成猫》（精校版）.txt","03、都市\《回到过去变成猫》（精校版）.txt","扁平化上移","单本去除同名文件夹，文件直接放入分类目录","3069914"
"03、都市\52、黄 金\《黄金渔场》（校对版全本）.txt","03、都市\《黄金渔场》（校对版全本）.txt","扁平化上移","单本去除同名文件夹，文件直接放入分类目录","8779784"
"03、都市\53、肆 虐\《肆虐韩娱》（校对版全本）.txt","03、都市\《肆虐韩娱》（校对版全本）.txt","扁平化上移","单本去除同名文件夹，文件直接放入分类目录","3622537"
"03、都市\54、重 工\《大国重工》（校对版全本）.txt","03、都市\《大国重工》（校对版全本）.txt","扁平化上移","单本去除同名文件夹，文件直接放入分类目录","5909198"
"03、都市\55、重 塑\《重塑千禧年代》（校对版）.txt","03、都市\《重塑千禧年代》（校对版）.txt","扁平化上移","单本去除同名文件夹，文件直接放入分类目录","11484864"
"03、都市\56、这 明 星\《这个明星合法但有病》（校对版）.txt","03、都市\《这个明星合法但有病》（校对版）.txt","扁平化上移","单本去除同名文件夹，文件直接放入分类目录","9099460"
"03、都市\57、火 力\《火力为王》（校对版）.txt","03、都市\《火力为王》（校对版）.txt","扁平化上移","单本去除同名文件夹，文件直接放入分类目录","11945640"
"03、都市\58、女 房 客\《我的26岁女房客》（校对全本+番外）.txt","03、都市\《我的26岁女房客》（校对全本+番外）.txt","扁平化上移","单本去除同名文件夹，文件直接放入分类目录","4639809"
"03、都市\59、1979\《我的1979》（精校全本+番外（.txt","03、都市\《我的1979》（精校全本+番外（.txt","扁平化上移","单本去除同名文件夹，文件直接放入分类目录","12895991"
"03、都市\60、官 道\《官道之色戒》（校对版全本）.txt","03、都市\《官道之色戒》（校对版全本）.txt","扁平化上移","单本去除同名文件夹，文件直接放入分类目录","6419436"
"03、都市\61、开 局\《开局账号被盗，反手充值一百万》（校对版）.txt","03、都市\《开局账号被盗，反手充值一百万》（校对版）.txt","扁平化上移","单本去除同名文件夹，文件直接放入分类目录","5313303"
"03、都市\62、卖 大 力\《开局地摊卖大力》（校对全本+番外）.txt","03、都市\《开局地摊卖大力》（校对全本+番外）.txt","扁平化上移","单本去除同名文件夹，文件直接放入分类目录","30642176"
"03、都市\63、医 生\《当医生开了外挂》（校对版）.txt","03、都市\《当医生开了外挂》（校对版）.txt","扁平化上移","单本去除同名文件夹，文件直接放入分类目录","9818274"
"03、都市\64、完 美\《完美人生》（校对版全本）.txt","03、都市\《完美人生》（校对版全本）.txt","扁平化上移","单本去除同名文件夹，文件直接放入分类目录","9651359"
"03、都市\65、野 性\《重生野性时代》（校对版全本）.txt","03、都市\《重生野性时代》（校对版全本）.txt","扁平化上移","单本去除同名文件夹，文件直接放入分类目录","4536202"
"04、科幻\01、吞噬星空\《吞噬星空》（校对版全本）.txt","04、科幻\《吞噬星空》（校对版全本）.txt","扁平化上移","单本去除同名文件夹，文件直接放入分类目录","10221344"
"04、科幻\02、从红月\《从红月开始》（精校版全本）.txt","04、科幻\《从红月开始》（精校版全本）.txt","扁平化上移","单本去除同名文件夹，文件直接放入分类目录","6676715"
"04、科幻\03、我在末世ytf\《我在末世有套房》（校对版全本）.txt","04、科幻\《我在末世有套房》（校对版全本）.txt","扁平化上移","单本去除同名文件夹，文件直接放入分类目录","8799192"
"04、科幻\04、学霸的hkjxt\《学霸的黑科技系统》（校对版全本）.txt","04、科幻\《学霸的黑科技系统》（校对版全本）.txt","扁平化上移","单本去除同名文件夹，文件直接放入分类目录","9757293"
"04、科幻\05、天才JLB\《天才俱乐部》（校对版全本）.txt","04、科幻\《天才俱乐部》（校对版全本）.txt","扁平化上移","单本去除同名文件夹，文件直接放入分类目录","9169474"
"04、科幻\06、异常\《异常生物见闻录》（校对版全本）.txt","04、科幻\《异常生物见闻录》（校对版全本）.txt","扁平化上移","单本去除同名文件夹，文件直接放入分类目录","10906405"
"04、科幻\07、希灵\《希灵帝国》（校对版全本）.txt","04、科幻\《希灵帝国》（校对版全本）.txt","扁平化上移","单本去除同名文件夹，文件直接放入分类目录","16540851"
"04、科幻\08、修真4w年\《修真四万年》（校对版全本）.txt","04、科幻\《修真四万年》（校对版全本）.txt","扁平化上移","单本去除同名文件夹，文件直接放入分类目录","21797868"
"04、科幻\09、灵 境\《灵境行者》（校对版全本）.txt","04、科幻\《灵境行者》（校对版全本）.txt","扁平化上移","单本去除同名文件夹，文件直接放入分类目录","13604619"
"04、科幻\10、黎 明\《黎明之剑》（校对版全本）.txt","04、科幻\《黎明之剑》（校对版全本）.txt","扁平化上移","单本去除同名文件夹，文件直接放入分类目录","13257690"
"04、科幻\11、深 海\《深海余烬》（校对番外）.txt","04、科幻\《深海余烬》（校对番外）.txt","扁平化上移","单本去除同名文件夹，文件直接放入分类目录","5490252"
"04、科幻\12、走 进\《走进不科学》（校对版全本）.txt","04、科幻\《走进不科学》（校对版全本）.txt","扁平化上移","单本去除同名文件夹，文件直接放入分类目录","8748132"
"04、科幻\13、无 限\《无限恐怖》（校对版全本）.txt","04、科幻\《无限恐怖》（校对版全本）.txt","扁平化上移","单本去除同名文件夹，文件直接放入分类目录","5306820"
"04、科幻\14、踏 星\《踏星》（校对版全本）.txt","04、科幻\《踏星》（校对版全本）.txt","扁平化上移","单本去除同名文件夹，文件直接放入分类目录","36548366"
"04、科幻\15、高 手\《高人竟在我身边》（校对版）.txt","04、科幻\《高人竟在我身边》（校对版）.txt","扁平化上移","单本去除同名文件夹，文件直接放入分类目录","2725367"
"04、科幻\16、隐 秘\《隐秘死角》（校对版全本）.txt","04、科幻\《隐秘死角》（校对版全本）.txt","扁平化上移","单本去除同名文件夹，文件直接放入分类目录","5206308"
"04、科幻\17、第 九\《第九特区》（校对版全本）.txt","04、科幻\《第九特区》（校对版全本）.txt","扁平化上移","单本去除同名文件夹，文件直接放入分类目录","13146102"
"04、科幻\18、未 来\《未来天王》（校对版全本）.txt","04、科幻\《未来天王》（校对版全本）.txt","扁平化上移","单本去除同名文件夹，文件直接放入分类目录","3601648"
"04、科幻\19、我 的\《我的末世基地车》（校对版全本）.txt","04、科幻\《我的末世基地车》（校对版全本）.txt","扁平化上移","单本去除同名文件夹，文件直接放入分类目录","4067564"
"04、科幻\20、最 后\《最后结局》（校对版）.txt","04、科幻\《最后结局》（校对版）.txt","扁平化上移","单本去除同名文件夹，文件直接放入分类目录","5635818"
"04、科幻\21、进 化 的\《进化的46亿重奏》（校对版）.txt","04、科幻\《进化的46亿重奏》（校对版）.txt","扁平化上移","单本去除同名文件夹，文件直接放入分类目录","24275823"
"04、科幻\22、星 级\《星级猎人》（校对版全本）.txt","04、科幻\《星级猎人》（校对版全本）.txt","扁平化上移","单本去除同名文件夹，文件直接放入分类目录","5562666"
"04、科幻\23、狩 魔\《狩魔手记》（校对版全本）.txt","04、科幻\《狩魔手记》（校对版全本）.txt","扁平化上移","单本去除同名文件夹，文件直接放入分类目录","4494047"
"04、科幻\24、蟑 螂\《末日蟑螂》（校对版全本）.txt","04、科幻\《末日蟑螂》（校对版全本）.txt","扁平化上移","单本去除同名文件夹，文件直接放入分类目录","13016966"
"04、科幻\25、宇 宙\《宇宙职业选手》（校对版）.txt","04、科幻\《宇宙职业选手》（校对版）.txt","扁平化上移","单本去除同名文件夹，文件直接放入分类目录","4361393"
"04、科幻\26、领 地\《我的末世领地》（校对版）.txt","04、科幻\《我的末世领地》（校对版）.txt","扁平化上移","单本去除同名文件夹，文件直接放入分类目录","5409722"
"04、科幻\27、光 明\《光明壁垒》（校对版）.txt","04、科幻\《光明壁垒》（校对版）.txt","扁平化上移","单本去除同名文件夹，文件直接放入分类目录","14000950"
"04、科幻\28、卡 徒\《卡徒》（校对版全本）.txt","04、科幻\《卡徒》（校对版全本）.txt","扁平化上移","单本去除同名文件夹，文件直接放入分类目录","4109520"
"04、科幻\29、废 土\《废土崛起》（校对版全本）.txt","04、科幻\《废土崛起》（校对版全本）.txt","扁平化上移","单本去除同名文件夹，文件直接放入分类目录","9387977"
"04、科幻\31、星 空\《星空职业者》（校对版）.txt","04、科幻\《星空职业者》（校对版）.txt","扁平化上移","单本去除同名文件夹，文件直接放入分类目录","7588502"
"04、科幻\32、末 日\《末日乐园》（校对版）.txt","04、科幻\《末日乐园》（校对版）.txt","扁平化上移","单本去除同名文件夹，文件直接放入分类目录","15266671"
"04、科幻\33、师 士\《师士传说》（校对版全本）.txt","04、科幻\《师士传说》（校对版全本）.txt","扁平化上移","单本去除同名文件夹，文件直接放入分类目录","4216223"
"04、科幻\39、诸 天\《逐道在诸天》（校对版全本）.txt","04、科幻\《逐道在诸天》（校对版全本）.txt","扁平化上移","单本去除同名文件夹，文件直接放入分类目录","3636548"
"05、奇幻\01、放开\《放开那个女巫》（精校版全本）.txt","05、奇幻\《放开那个女巫》（精校版全本）.txt","扁平化上移","单本去除同名文件夹，文件直接放入分类目录","7182069"
"05、奇幻\02、琴di\《琴帝》（校对版全本）.txt","05、奇幻\《琴帝》（校对版全本）.txt","扁平化上移","单本去除同名文件夹，文件直接放入分类目录","6147505"
"05、奇幻\03、酒s\《酒神（阴阳冕）》（校对版全本）.txt","05、奇幻\《酒神（阴阳冕）》（校对版全本）.txt","扁平化上移","单本去除同名文件夹，文件直接放入分类目录","5686753"
"05、奇幻\04、高天\《高天之上》（校对版全本）.txt","05、奇幻\《高天之上》（校对版全本）.txt","扁平化上移","单本去除同名文件夹，文件直接放入分类目录","9447673"
"05、奇幻\05、神秘zl\《神秘之旅》（精校版全本）.txt","05、奇幻\《神秘之旅》（精校版全本）.txt","扁平化上移","单本去除同名文件夹，文件直接放入分类目录","9599984"
"05、奇幻\06、巫师zl\《巫师之旅》（校对版全本）.txt","05、奇幻\《巫师之旅》（校对版全本）.txt","扁平化上移","单本去除同名文件夹，文件直接放入分类目录","11107317"
"05、奇幻\07、无限\《无限血核》（校对版全本）.txt","05、奇幻\《无限血核》（校对版全本）.txt","扁平化上移","单本去除同名文件夹，文件直接放入分类目录","7005538"
"05、奇幻\08、天q\《天启预报》（校对版全本）.txt","05、奇幻\《天启预报》（校对版全本）.txt","扁平化上移","单本去除同名文件夹，文件直接放入分类目录","13891221"
"05、奇幻\09、诡m地h\《诡秘地海》（校对版全本）.txt","05、奇幻\《诡秘地海》（校对版全本）.txt","扁平化上移","单本去除同名文件夹，文件直接放入分类目录","5218500"
"05、奇幻\10、巫 界\《巫界术士》（校对版全本）.txt","05、奇幻\《巫界术士》（校对版全本）.txt","扁平化上移","单本去除同名文件夹，文件直接放入分类目录","7883340"
"05、奇幻\11、黑 石\《黑石密码》（校对版）.txt","05、奇幻\《黑石密码》（校对版）.txt","扁平化上移","单本去除同名文件夹，文件直接放入分类目录","21644631"
"05、奇幻\12、霍 格\《舌尖上的霍格沃茨》（校对版）.txt","05、奇幻\《舌尖上的霍格沃茨》（校对版）.txt","扁平化上移","单本去除同名文件夹，文件直接放入分类目录","8371459"
"05、奇幻\13、骑 士\《巫师：从骑士呼吸法开始肝经验》.txt","05、奇幻\《巫师：从骑士呼吸法开始肝经验》.txt","扁平化上移","单本去除同名文件夹，文件直接放入分类目录","12336034"
"05、奇幻\14、亵 d\《亵渎》（精校版全本）.txt","05、奇幻\《亵渎》（精校版全本）.txt","扁平化上移","单本去除同名文件夹，文件直接放入分类目录","5105513"
"05、奇幻\15、大 龙\《大龙挂了》（校对版）.txt","05、奇幻\《大龙挂了》（校对版）.txt","扁平化上移","单本去除同名文件夹，文件直接放入分类目录","5437439"
"05、奇幻\16、G 王\《国王》.epub","05、奇幻\《国王》.epub","扁平化上移","单本去除同名文件夹，文件直接放入分类目录","16002759"
"05、奇幻\17、魔 法\《第一次魔法世界大战》（校对版）.txt","05、奇幻\《第一次魔法世界大战》（校对版）.txt","扁平化上移","单本去除同名文件夹，文件直接放入分类目录","4653733"
"06、历史\01、庆余年\《庆余年》（精校版全本）.txt","06、历史\《庆余年》（精校版全本）.txt","扁平化上移","单本去除同名文件夹，文件直接放入分类目录","7283552"
"06、历史\02、娱乐cq\《娱乐春秋》（校对版全本）.txt","06、历史\《娱乐春秋》（校对版全本）.txt","扁平化上移","单本去除同名文件夹，文件直接放入分类目录","3986669"
"06、历史\03、逍遥\《逍遥小书生》（校对版全本）.txt","06、历史\《逍遥小书生》（校对版全本）.txt","扁平化上移","单本去除同名文件夹，文件直接放入分类目录","6118986"
"06、历史\04、宰执\《宰执天下》（校对版全本）.txt","06、历史\《宰执天下》（校对版全本）.txt","扁平化上移","单本去除同名文件夹，文件直接放入分类目录","15779204"
"06、历史\05、唐z\《唐砖》（精校版全本）.txt","06、历史\《唐砖》（精校版全本）.txt","扁平化上移","单本去除同名文件夹，文件直接放入分类目录","9082904"
"06、历史\06、极品jd\《极品家丁》（校对版全本）.txt","06、历史\《极品家丁》（校对版全本）.txt","扁平化上移","单本去除同名文件夹，文件直接放入分类目录","6210002"
"06、历史\07、绍s\《绍宋》（校对版全本）.txt","06、历史\《绍宋》（校对版全本）.txt","扁平化上移","单本去除同名文件夹，文件直接放入分类目录","5399209"
"06、历史\08、晚 唐\《晚唐浮生》（校对版）.txt","06、历史\《晚唐浮生》（校对版）.txt","扁平化上移","单本去除同名文件夹，文件直接放入分类目录","12548062"
"06、历史\09、满 唐\《满唐华彩》（校对版）.txt","06、历史\《满唐华彩》（校对版）.txt","扁平化上移","单本去除同名文件夹，文件直接放入分类目录","11962294"
"06、历史\10、秦 L\《秦吏》（校对版全本）.txt","06、历史\《秦吏》（校对版全本）.txt","扁平化上移","单本去除同名文件夹，文件直接放入分类目录","7206940"
"06、历史\11、小 阁\《小阁老》（校对版全本）.txt","06、历史\《小阁老》（校对版全本）.txt","扁平化上移","单本去除同名文件夹，文件直接放入分类目录","10676191"
"06、历史\12、北 颂\《北颂》（校对版全本）.txt","06、历史\《北颂》（校对版全本）.txt","扁平化上移","单本去除同名文件夹，文件直接放入分类目录","10443305"
"06、历史\13、败 家 Z\《明朝败家子》（校对版全本）.txt","06、历史\《明朝败家子》（校对版全本）.txt","扁平化上移","单本去除同名文件夹，文件直接放入分类目录","11666324"
"06、历史\14、家 父\《家父汉高祖》（校对版）.txt","06、历史\《家父汉高祖》（校对版）.txt","扁平化上移","单本去除同名文件夹，文件直接放入分类目录","13474076"
"06、历史\15、大 明\《大明国师》（校对版）.txt","06、历史\《大明国师》（校对版）.txt","扁平化上移","单本去除同名文件夹，文件直接放入分类目录","9319384"
"06、历史\16、长 宁\《长宁帝军》（校对版全本）.txt","06、历史\《长宁帝军》（校对版全本）.txt","扁平化上移","单本去除同名文件夹，文件直接放入分类目录","11258634"
"06、历史\17、北 宋\《北宋穿越指南》（校对版全本）.txt","06、历史\《北宋穿越指南》（校对版全本）.txt","扁平化上移","单本去除同名文件夹，文件直接放入分类目录","12180893"
"06、历史\18、唐 人\《唐人的餐桌》（校对版）.txt","06、历史\《唐人的餐桌》（校对版）.txt","扁平化上移","单本去除同名文件夹，文件直接放入分类目录","8954903"
"06、历史\19、大 宋\《大宋的智慧》（校对版全本）.txt","06、历史\《大宋的智慧》（校对版全本）.txt","扁平化上移","单本去除同名文件夹，文件直接放入分类目录","7029638"
"06、历史\20、银 狐\《银狐》（校对版全本）.txt","06、历史\《银狐》（校对版全本）.txt","扁平化上移","单本去除同名文件夹，文件直接放入分类目录","6183263"
"06、历史\21、汉 乡\《汉乡》（校对版全本）.txt","06、历史\《汉乡》（校对版全本）.txt","扁平化上移","单本去除同名文件夹，文件直接放入分类目录","7691034"
"06、历史\22、明 天 下\《明天下》（校对版全本）.txt","06、历史\《明天下》（校对版全本）.txt","扁平化上移","单本去除同名文件夹，文件直接放入分类目录","6248975"
"06、历史\23、挽 天 倾\《红楼之挽天倾》（校对版）.txt","06、历史\《红楼之挽天倾》（校对版）.txt","扁平化上移","单本去除同名文件夹，文件直接放入分类目录","19635059"
"06、历史\24、如 意\《如意小郎君》（校对版全本）.txt","06、历史\《如意小郎君》（校对版全本）.txt","扁平化上移","单本去除同名文件夹，文件直接放入分类目录","5306695"
"06、历史\25、大 唐\《大唐太子》（校对版）.txt","06、历史\《大唐太子》（校对版）.txt","扁平化上移","单本去除同名文件夹，文件直接放入分类目录","7193562"
"06、历史\26、衣 冠\《衣冠不南渡》（校对版）.txt","06、历史\《衣冠不南渡》（校对版）.txt","扁平化上移","单本去除同名文件夹，文件直接放入分类目录","7792157"
"06、历史\27、罗 马\《神圣罗马帝国》（校对版）.txt","06、历史\《神圣罗马帝国》（校对版）.txt","扁平化上移","单本去除同名文件夹，文件直接放入分类目录","7991714"
"06、历史\28、无 敌\《无敌六皇子》（校对版）.txt","06、历史\《无敌六皇子》（校对版）.txt","扁平化上移","单本去除同名文件夹，文件直接放入分类目录","8014847"
"06、历史\29、世 子\《世子很凶》（校对版）.txt","06、历史\《世子很凶》（校对版）.txt","扁平化上移","单本去除同名文件夹，文件直接放入分类目录","5208138"
"06、历史\30、九 锡\《九锡》（校对版）.txt","06、历史\《九锡》（校对版）.txt","扁平化上移","单本去除同名文件夹，文件直接放入分类目录","7365057"
"06、历史\31、北 齐\《北齐怪谈》（校对版）.txt","06、历史\《北齐怪谈》（校对版）.txt","扁平化上移","单本去除同名文件夹，文件直接放入分类目录","5171371"
"06、历史\32、临 安\《临安不夜侯》（校对版）.txt","06、历史\《临安不夜侯》（校对版）.txt","扁平化上移","单本去除同名文件夹，文件直接放入分类目录","11814200"
"06、历史\33、带 着\《带着仓库到大明》（校对版全本）.txt","06、历史\《带着仓库到大明》（校对版全本）.txt","扁平化上移","单本去除同名文件夹，文件直接放入分类目录","13144304"
"06、历史\34、讨 逆\《讨逆》（校对版）.txt","06、历史\《讨逆》（校对版）.txt","扁平化上移","单本去除同名文件夹，文件直接放入分类目录","21201682"
"06、历史\35、回 到\《回到明朝当王爷》（精校版）.txt","06、历史\《回到明朝当王爷》（精校版）.txt","扁平化上移","单本去除同名文件夹，文件直接放入分类目录","6976884"
"06、历史\36、文 豪\《文豪崛起》（校对版）.txt","06、历史\《文豪崛起》（校对版）.txt","扁平化上移","单本去除同名文件夹，文件直接放入分类目录","5319959"
"06、历史\37、春 秋\《春秋我为王》（校对版）.txt","06、历史\《春秋我为王》（校对版）.txt","扁平化上移","单本去除同名文件夹，文件直接放入分类目录","8221023"
"07、武侠\01、不死\《不死不灭》（精校版全本）.txt","07、武侠\《不死不灭》（精校版全本）.txt","扁平化上移","单本去除同名文件夹，文件直接放入分类目录","1568704"
"07、武侠\02、九dj\《九鼎记》（校对版全本）.txt","07、武侠\《九鼎记》（校对版全本）.txt","扁平化上移","单本去除同名文件夹，文件直接放入分类目录","4327833"
"07、武侠\03、最强\《最强反派系统》（校对版全本）.txt","07、武侠\《最强反派系统》（校对版全本）.txt","扁平化上移","单本去除同名文件夹，文件直接放入分类目录","9839066"
"07、武侠\04、龙 蛇\《龙蛇演义》（精校版全本）.txt","07、武侠\《龙蛇演义》（精校版全本）.txt","扁平化上移","单本去除同名文件夹，文件直接放入分类目录","4264762"
"07、武侠\05、玩 家\《玩家凶猛》（校对版全本）.txt","07、武侠\《玩家凶猛》（校对版全本）.txt","扁平化上移","单本去除同名文件夹，文件直接放入分类目录","6731949"
"07、武侠\06、机 动\《机动风暴》（校对版全本）.txt","07、武侠\《机动风暴》（校对版全本）.txt","扁平化上移","单本去除同名文件夹，文件直接放入分类目录","5464781"
"07、武侠\07、金 刚\《金刚不坏大寨主》（校对版）.txt","07、武侠\《金刚不坏大寨主》（校对版）.txt","扁平化上移","单本去除同名文件夹，文件直接放入分类目录","14010442"
"08、游戏\01、惊 悚 乐 园\《惊悚乐园》（校对版全本+番外）.txt","08、游戏\《惊悚乐园》（校对版全本+番外）.txt","扁平化上移","单本去除同名文件夹，文件直接放入分类目录","10309137"
"08、游戏\02、亏 成 首 富\《亏成首富从游戏开始》（校对版全本）.txt","08、游戏\《亏成首富从游戏开始》（校对版全本）.txt","扁平化上移","单本去除同名文件夹，文件直接放入分类目录","11629402"
"08、游戏\03、全 职\《全职高手》（精校版全本）.txt","08、游戏\《全职高手》（精校版全本）.txt","扁平化上移","单本去除同名文件夹，文件直接放入分类目录","11131340"
"08、游戏\04、超神机械\《超神机械师》（校对版全本）.txt","08、游戏\《超神机械师》（校对版全本）.txt","扁平化上移","单本去除同名文件夹，文件直接放入分类目录","11056364"
"08、游戏\05、失落叶三部曲\《网游之天下无双》（校对版全本）.txt","08、游戏\《网游之天下无双》（校对版全本）.txt","扁平化上移","单本去除同名文件夹，文件直接放入分类目录","10902236"
"08、游戏\05、失落叶三部曲\《网游之盗版神话》（校对版全本）.txt","08、游戏\《网游之盗版神话》（校对版全本）.txt","扁平化上移","单本去除同名文件夹，文件直接放入分类目录","5419908"
"08、游戏\05、失落叶三部曲\《网游之纵横天下》（校对版全本）.txt","08、游戏\《网游之纵横天下》（校对版全本）.txt","扁平化上移","单本去除同名文件夹，文件直接放入分类目录","9841674"
"08、游戏\06、这游戏\《这游戏也太真实了》（精校版全本）.txt","08、游戏\《这游戏也太真实了》（精校版全本）.txt","扁平化上移","单本去除同名文件夹，文件直接放入分类目录","22372584"
"08、游戏\07、英雄LM\《英雄联盟之灾变时代》（校对版全本）.txt","08、游戏\《英雄联盟之灾变时代》（校对版全本）.txt","扁平化上移","单本去除同名文件夹，文件直接放入分类目录","3234094"
"08、游戏\08、琥珀zj\《琥珀之剑》（校对版全本）.txt","08、游戏\《琥珀之剑》（校对版全本）.txt","扁平化上移","单本去除同名文件夹，文件直接放入分类目录","11828881"
"08、游戏\09、王者sk\《王者时刻》（校对版全本）.txt","08、游戏\《王者时刻》（校对版全本）.txt","扁平化上移","单本去除同名文件夹，文件直接放入分类目录","2628472"
"08、游戏\10、从零\《从零开始》（校对版全本）.txt","08、游戏\《从零开始》（校对版全本）.txt","扁平化上移","单本去除同名文件夹，文件直接放入分类目录","40540352"
"08、游戏\11、网游之td\《网游之天地》（校对版全本）.txt","08、游戏\《网游之天地》（校对版全本）.txt","扁平化上移","单本去除同名文件夹，文件直接放入分类目录","10417710"
"08、游戏\12、c生之z行天下\《重生之贼行天下》（校对版全本）.txt","08、游戏\《重生之贼行天下》（校对版全本）.txt","扁平化上移","单本去除同名文件夹，文件直接放入分类目录","6190734"
"08、游戏\13、c生z最强剑神\《重生之最强剑神》（校对版全本）.txt","08、游戏\《重生之最强剑神》（校对版全本）.txt","扁平化上移","单本去除同名文件夹，文件直接放入分类目录","15105287"
"08、游戏\14、联盟z魔w系t\《联盟之魔王系统》（校对版全本）.txt","08、游戏\《联盟之魔王系统》（校对版全本）.txt","扁平化上移","单本去除同名文件夹，文件直接放入分类目录","8587153"
"08、游戏\16、什么叫游走\《什么叫游走型中单啊》（校对版全本）.txt","08、游戏\《什么叫游走型中单啊》（校对版全本）.txt","扁平化上移","单本去除同名文件夹，文件直接放入分类目录","8886275"
"08、游戏\17、什么叫六边形\《什么叫六边形打野啊》（校对版全本）.txt","08、游戏\《什么叫六边形打野啊》（校对版全本）.txt","扁平化上移","单本去除同名文件夹，文件直接放入分类目录","11938300"
"08、游戏\18、近战fs\《网游之近战法师》（精校版全本）.txt","08、游戏\《网游之近战法师》（精校版全本）.txt","扁平化上移","单本去除同名文件夹，文件直接放入分类目录","7541899"
"08、游戏\19、y兵x统\《联盟之佣兵系统》（校对版全本）.txt","08、游戏\《联盟之佣兵系统》（校对版全本）.txt","扁平化上移","单本去除同名文件夹，文件直接放入分类目录","6149383"
"08、游戏\20、峡谷zd\《峡谷之巅》（校对版全本）.txt","08、游戏\《峡谷之巅》（校对版全本）.txt","扁平化上移","单本去除同名文件夹，文件直接放入分类目录","4591596"
"08、游戏\21、落地\《落地一把98K》（校对版全本）.txt","08、游戏\《落地一把98K》（校对版全本）.txt","扁平化上移","单本去除同名文件夹，文件直接放入分类目录","6994825"
"08、游戏\22、峡谷znl\《峡谷正能量》（校对版全本）.txt","08、游戏\《峡谷正能量》（校对版全本）.txt","扁平化上移","单本去除同名文件夹，文件直接放入分类目录","6480030"
"08、游戏\23、上d之s\《英雄联盟：上帝之手》（校对版全本）.txt","08、游戏\《英雄联盟：上帝之手》（校对版全本）.txt","扁平化上移","单本去除同名文件夹，文件直接放入分类目录","4643966"
"08、游戏\24、冠j之j\《英雄联盟：冠军之箭》（校对版全本）.txt","08、游戏\《英雄联盟：冠军之箭》（校对版全本）.txt","扁平化上移","单本去除同名文件夹，文件直接放入分类目录","5529521"
"08、游戏\25、s级y雄\《神级英雄》（校对版全本）.txt","08、游戏\《神级英雄》（校对版全本）.txt","扁平化上移","单本去除同名文件夹，文件直接放入分类目录","12906354"
"08、游戏\26、崛 起\《主神崛起》（校对版全本）.txt","08、游戏\《主神崛起》（校对版全本）.txt","扁平化上移","单本去除同名文件夹，文件直接放入分类目录","5698782"
"08、游戏\27、梦 路\《逍遥梦路》（校对版全本）.txt","08、游戏\《逍遥梦路》（校对版全本）.txt","扁平化上移","单本去除同名文件夹，文件直接放入分类目录","7971112"
"08、游戏\28、黎 明\《超凡黎明》（校对版全本）.txt","08、游戏\《超凡黎明》（校对版全本）.txt","扁平化上移","单本去除同名文件夹，文件直接放入分类目录","3971939"
"08、游戏\30、神 秀\《神秀之主》（校对版全本）.txt","08、游戏\《神秀之主》（校对版全本）.txt","扁平化上移","单本去除同名文件夹，文件直接放入分类目录","4522802"
"08、游戏\31、神 秘\《神秘之劫》（校对版全本）.txt","08、游戏\《神秘之劫》（校对版全本）.txt","扁平化上移","单本去除同名文件夹，文件直接放入分类目录","6405743"
"08、游戏\33、逆 天\《邪龙逆天》（校对版）.txt","08、游戏\《邪龙逆天》（校对版）.txt","扁平化上移","单本去除同名文件夹，文件直接放入分类目录","8045686"
"08、游戏\34、这 个\《这个男人太强了！》（校对版）.txt","08、游戏\《这个男人太强了！》（校对版）.txt","扁平化上移","单本去除同名文件夹，文件直接放入分类目录","7462835"
"08、游戏\35、法 爷\《我真没针对法爷》（校对版全本）.txt","08、游戏\《我真没针对法爷》（校对版全本）.txt","扁平化上移","单本去除同名文件夹，文件直接放入分类目录","6682149"
"09、高武\01、我在\《我在精神病院学斩神》（校对版全本）.txt","09、高武\《我在精神病院学斩神》（校对版全本）.txt","扁平化上移","单本去除同名文件夹，文件直接放入分类目录","9116825"
"09、高武\02、万族\《万族之劫》（校对版全本）.txt","09、高武\《万族之劫》（校对版全本）.txt","扁平化上移","单本去除同名文件夹，文件直接放入分类目录","18542118"
"09、高武\02、万族\《全球高武》（精校版全本）.txt","09、高武\《全球高武》（精校版全本）.txt","扁平化上移","单本去除同名文件夹，文件直接放入分类目录","18649335"
"10、灵异\01、道诡\《道诡异仙》（校对版）.txt","10、灵异\《道诡异仙》（校对版）.txt","扁平化上移","单本去除同名文件夹，文件直接放入分类目录","7144234"
"10、灵异\02、我有yzmxw\《我有一座冒险屋(我有一座恐怖屋)》（校对版全本）.txt","10、灵异\《我有一座冒险屋(我有一座恐怖屋)》（校对版全本）.txt","扁平化上移","单本去除同名文件夹，文件直接放入分类目录","6574688"
"11、悬疑\01、十日\《十日终焉》（校对全本）.txt","11、悬疑\《十日终焉》（校对全本）.txt","扁平化上移","单本去除同名文件夹，文件直接放入分类目录","9385090"
"11、悬疑\02、镇妖\《镇妖博物馆》（校对版全本）.txt","11、悬疑\《镇妖博物馆》（校对版全本）.txt","扁平化上移","单本去除同名文件夹，文件直接放入分类目录","11046824"
"11、悬疑\03、黄昏\《黄昏分界》（软校全本）.txt","11、悬疑\《黄昏分界》（软校全本）.txt","扁平化上移","单本去除同名文件夹，文件直接放入分类目录","9268790"
"11、悬疑\04、我的zyxyx\《我的治愈系游戏》（校对版全本+番外）.txt","11、悬疑\《我的治愈系游戏》（校对版全本+番外）.txt","扁平化上移","单本去除同名文件夹，文件直接放入分类目录","10405597"
"11、悬疑\05、深夜sw\《深夜书屋》（校对版全本）.txt","11、悬疑\《深夜书屋》（校对版全本）.txt","扁平化上移","单本去除同名文件夹，文件直接放入分类目录","8585189"
"11、悬疑\06、魔 临\《魔临》（校对版全本）.txt","11、悬疑\《魔临》（校对版全本）.txt","扁平化上移","单本去除同名文件夹，文件直接放入分类目录","11929638"
"11、悬疑\07、诡 舍\《诡舍》（原版）.txt","11、悬疑\《诡舍》（原版）.txt","扁平化上移","单本去除同名文件夹，文件直接放入分类目录","5925846"
"11、悬疑\08、G 吹 灯\《鬼吹灯全集》（精校版，全8卷）.txt","11、悬疑\《鬼吹灯全集》（精校版，全8卷）.txt","扁平化上移","单本去除同名文件夹，文件直接放入分类目录","5917711"
"11、悬疑\09、DM笔记\《盗墓笔记》（实体封面全本）.txt","11、悬疑\《盗墓笔记》（实体封面全本）.txt","扁平化上移","单本去除同名文件夹，文件直接放入分类目录","3113377"
"11、悬疑\10、通 幽\《通幽大圣》（校对版全本）.txt","11、悬疑\《通幽大圣》（校对版全本）.txt","扁平化上移","单本去除同名文件夹，文件直接放入分类目录","3831125"
"13、军事\01、炮 火\《炮火弧线》（校对版全本）.txt","13、军事\《炮火弧线》（校对版全本）.txt","扁平化上移","单本去除同名文件夹，文件直接放入分类目录","8503003"
"14、轻小说\01、我 本\《我本无意成仙》（校对版）.txt","14、轻小说\《我本无意成仙》（校对版）.txt","扁平化上移","单本去除同名文件夹，文件直接放入分类目录","5259558"
"14、轻小说\02、不 许\《不许没收我的人籍》（校对版全本）.txt","14、轻小说\《不许没收我的人籍》（校对版全本）.txt","扁平化上移","单本去除同名文件夹，文件直接放入分类目录","10446801"
"14、轻小说\03、我 的\《我的超能力每周刷新》（校对版）.txt","14、轻小说\《我的超能力每周刷新》（校对版）.txt","扁平化上移","单本去除同名文件夹，文件直接放入分类目录","6393826"
"14、轻小说\04、训 练 家\《我真没想当训练家啊》（校对版）.txt","14、轻小说\《我真没想当训练家啊》（校对版）.txt","扁平化上移","单本去除同名文件夹，文件直接放入分类目录","10200556"
"14、轻小说\05、术 师\《术师手册》（校对版）.txt","14、轻小说\《术师手册》（校对版）.txt","扁平化上移","单本去除同名文件夹，文件直接放入分类目录","9249596"
"14、轻小说\06、剑 出\《剑出衡山》（校对版全本＋番外）.txt","14、轻小说\《剑出衡山》（校对版全本＋番外）.txt","扁平化上移","单本去除同名文件夹，文件直接放入分类目录","4200016"
"14、轻小说\07、世 界\《世界树的游戏》（校对版全本）.txt","14、轻小说\《世界树的游戏》（校对版全本）.txt","扁平化上移","单本去除同名文件夹，文件直接放入分类目录","7398612"
"14、轻小说\08、轮 回\《轮回乐园》（校对版）.txt","14、轻小说\《轮回乐园》（校对版）.txt","扁平化上移","单本去除同名文件夹，文件直接放入分类目录","45995168"
"14、轻小说\09、精灵\《精灵掌门人》（校对版全本）.txt","14、轻小说\《精灵掌门人》（校对版全本）.txt","扁平化上移","单本去除同名文件夹，文件直接放入分类目录","8305185"
"14、轻小说\10、我 家 老婆\《我家老婆来自一千年前》（校对版全本）.txt","14、轻小说\《我家老婆来自一千年前》（校对版全本）.txt","扁平化上移","单本去除同名文件夹，文件直接放入分类目录","2408418"
"14、轻小说\11、芝 加 哥\《芝加哥1990》（校对版全本）.txt","14、轻小说\《芝加哥1990》（校对版全本）.txt","扁平化上移","单本去除同名文件夹，文件直接放入分类目录","10712340"
"14、轻小说\12、姑 获 鸟\《从姑获鸟开始》（精校版）.txt","14、轻小说\《从姑获鸟开始》（精校版）.txt","扁平化上移","单本去除同名文件夹，文件直接放入分类目录","6308262"
"14、轻小说\13、出 牌\《我就是不按套路出牌》（校对版）.txt","14、轻小说\《我就是不按套路出牌》（校对版）.txt","扁平化上移","单本去除同名文件夹，文件直接放入分类目录","8403525"
"14、轻小说\14、我 家\《我家娘子，不对劲》（校对版）.txt","14、轻小说\《我家娘子，不对劲》（校对版）.txt","扁平化上移","单本去除同名文件夹，文件直接放入分类目录","8797386"
"14、轻小说\16、魏 君\《视死如归魏君子》（校对版）.txt","14、轻小说\《视死如归魏君子》（校对版）.txt","扁平化上移","单本去除同名文件夹，文件直接放入分类目录","6546570"
"15、女频\01、天 官\《天官赐福》（精校全本+番外（【回归重修版】.txt","15、女频\《天官赐福》（精校全本+番外（【回归重修版】.txt","扁平化上移","单本去除同名文件夹，文件直接放入分类目录","3204535"
"15、女频\02、魔 D 祖 S\《魔道祖师》（精校版+番外）.txt","15、女频\《魔道祖师》（精校版+番外）.txt","扁平化上移","单本去除同名文件夹，文件直接放入分类目录","1305890"
"16、体育\01、禁 区\《禁区之狐》（校对版全本）.txt","16、体育\《禁区之狐》（校对版全本）.txt","扁平化上移","单本去除同名文件夹，文件直接放入分类目录","16739996"
"17、其他\01、海贼王之mcgs\《海贼王之母巢果实》（校对版全本）.txt","17、其他\《海贼王之母巢果实》（校对版全本）.txt","扁平化上移","单本去除同名文件夹，文件直接放入分类目录","1152446"
